date,original,interannual,interdecadal
1900-01-01,1.41,-0.02032164264925254,1.4303216441328197
1900-02-01,1.29,-0.08443235713141434,1.3744323589442575
1900-03-01,0.99,-0.3292209449666881,1.3192209471105383
1900-04-01,0.66,-0.6047735456357233,1.2647735481145008
1900-05-01,0.54,-0.6711736801393163,1.2111736829589697
1900-06-01,0.76,-0.3985019576691651,1.158501960837476
1900-07-01,0.75,-0.3568357926206022,1.1068357961469566
1900-08-01,0.78,-0.2762491332036692,1.0562491370987965
1900-09-01,0.56,-0.4468122028613126,1.0068122071370043
1900-10-01,0.42,-0.5385912556496566,0.9585912603184618
1900-11-01,0.14,-0.7716483466754684,0.9116483517503752
1900-12-01,0.6,-0.2660411186204851,0.8660411241145841
1901-01-01,0.82,-0.0018226053115002472,0.8218226112376414
1901-02-01,0.29,-0.4890410532195076,0.7790410595899433
1901-03-01,0.05,-0.6877397616910836,0.7377397685171032
1901-04-01,-0.13,-0.827956942631093,0.6979569499226602
1901-05-01,-0.19,-0.8497256002681866,0.6597256080335748
1901-06-01,-0.26,-0.8830734315438578,0.6230734397892931
1901-07-01,-0.3,-0.8880227475726324,0.5880227563019489
1901-08-01,-0.38,-0.9345904165257554,0.5545904257400659
1901-09-01,-0.3,-0.8227878281940663,0.5227878378914527
1901-10-01,-0.31,-0.8026208803881637,0.4926208905633896
1901-11-01,-0.39,-0.8540899872359988,0.4640899978802474
1901-12-01,-0.35,-0.7871901093402425,0.43719012044088446
1902-01-01,-0.5,-0.9119108056606875,0.41191081720108635
1902-02-01,-0.26,-0.6482363068910905,0.38823631885045057
1902-03-01,-0.27,-0.6361456100057167,0.36614562235898257
1902-04-01,0.2,-0.14561259355893286,0.34561260627673834
1902-05-01,0.47,0.1433938467681194,0.3266061662805586
1902-06-01,0.77,0.46090964296593984,0.30909037037570913
1902-07-01,1.44,1.146975380515175,0.29302463307743437
1902-08-01,1.21,0.9316361059792504,0.2783639078183804
1902-09-01,1.44,1.1749411172001782,0.26505889675282845
1902-10-01,1.4,1.1469437369973692,0.2530562770579368
1902-11-01,1.54,1.2977010713355006,0.2422989427659052
1902-12-01,1.39,1.1572737529892165,0.2327262610993053
1903-01-01,1.33,1.1057256717893589,0.22427434222486725
1903-02-01,0.93,0.7131236925876063,0.21687632128885512
1903-03-01,0.79,0.5795373621236861,0.2104626515498611
1903-04-01,0.36,0.15503860602175878,0.20496140738242613
1903-05-01,-0.1,-0.3002985828199314,0.20029859588738397
1903-06-01,0.29,0.09360153685055872,0.19639847581224235
1903-07-01,-0.49,-0.6831838702672277,0.19318388245727863
1903-08-01,-0.32,-0.5105765455709963,0.19057655722036781
1903-09-01,-0.6,-0.788497469374629,0.1884974804159078
1903-10-01,-0.42,-0.6068671956239916,0.18686720599060966
1903-11-01,-0.76,-0.9456061871248715,0.18560619675142878
1903-12-01,-1.02,-1.2046351498960184,0.18463515871859468
1904-01-01,-0.73,-0.9138753652631586,0.18387537321961747
1904-02-01,-0.79,-0.9732490183180907,0.1832490253483834
1904-03-01,-0.85,-1.0326795213806055,0.18267952742706745
1904-04-01,-0.72,-0.9020918311200078,0.18209183612765492
1904-05-01,-0.4,-0.5814127580175963,0.18141276193442435
1904-06-01,0.14,-0.04057126688154622,0.18057126965883938
1904-07-01,0.75,0.5705012328387125,0.17949876875393556
1904-08-01,0.54,0.361870608150375,0.17812939221645155
1904-09-01,0.01,-0.16640026380749606,0.17640026291159194
1904-10-01,0.91,0.7357482516017405,0.17425174620732303
1904-11-01,0.15,-0.02162769137567297,0.17162768786236204
1904-12-01,0.86,0.6915243589679249,0.16847563617434919
1905-01-01,0.68,0.5152529463196109,0.1647470474618686
1905-02-01,0.72,0.5596025183845581,0.1603974740257505
1905-03-01,0.92,0.7646132572239617,0.1553867338111424
1905-04-01,0.29,0.14032092859068562,0.14967906107185106
1905-05-01,1.08,0.9367567508775376,0.1432432374220495
1905-06-01,0.59,0.45394728420632147,0.13605270274722153
1905-07-01,0.82,0.6919143400962257,0.12808564553574212
1905-08-01,1.04,0.9206749120583767,0.11932507228431248
1905-09-01,1.42,1.3102411273696668,0.10975885572410385
1905-10-01,1.12,1.0206202201840717,0.09937976170941581
1905-11-01,0.83,0.7418145260438744,0.08818545470641513
1905-12-01,1.17,1.0938214977571998,0.0761784819155658
1906-01-01,0.89,0.8266337425124325,0.06336623615716382
1906-02-01,0.67,0.6202390800050687,0.049760897744424784
1906-03-01,0.8,0.7646206212588285,0.0353793556623181
1906-04-01,0.45,0.42975686773087124,0.020243108462289248
1906-05-01,0.02,0.015621830201314246,0.004378145372672323
1906-06-01,0.15,0.1621851668603539,-0.012185191788499769
1906-07-01,-0.49,-0.460587660077428,-0.029412365227867332
1906-08-01,-0.37,-0.32273520998211824,-0.0472648155677644
1906-09-01,-0.81,-0.7442998724675403,-0.06570015318720822
1906-10-01,-0.87,-0.785327659998891,-0.08467236561433142
1906-11-01,-0.33,-0.22586798541470543,-0.10413204000447435
1906-12-01,-0.51,-0.3859734253913552,-0.12402659967574026
1907-01-01,-0.57,-0.4256994709356446,-0.14430055361645788
1907-02-01,-0.41,-0.2451042660431615,-0.16489575782687163
1907-03-01,-0.43,-0.2442483357068248,-0.18575168731063627
1907-04-01,-0.56,-0.35319430450129585,-0.20680571749044566
1907-05-01,-0.47,-0.24200660700458,-0.22799341378646545
1907-06-01,-0.41,-0.16075119134815885,-0.24924882806623025
1907-07-01,-0.55,-0.27949521721130766,-0.27050480065035587
1907-08-01,-0.65,-0.3583067495938361,-0.2916932665398263
1907-09-01,0.13,0.4427455502856432,-0.31274556451774943
1907-10-01,-0.25,0.0835927356116738,-0.3335927477713304
1907-11-01,-0.25,0.10416588475841149,-0.35416589467835247
1907-12-01,-0.09,0.28439641088909806,-0.3743964184066529
1908-01-01,-0.27,0.12421636902680844,-0.3942163739848759
1908-02-01,0.07,0.4835587592700973,-0.4135587615181209
1908-03-01,-0.63,-0.1976421751520336,-0.43235782424290164
1908-04-01,-0.55,-0.09945065626528021,-0.45054934014200276
1908-05-01,-0.45,0.018070912576763076,-0.4680709058712622
1908-06-01,-0.22,0.26486222171994417,-0.48486221178690514
1908-07-01,-0.63,-0.1291346798323038,-0.5008653069036676
1908-08-01,-0.4,0.11602486934669382,-0.5160248526604361
1908-09-01,-0.52,0.010288384607948314,-0.5302883644213114
1908-10-01,-0.5,0.04360646344692673,-0.5436064396957051
1908-11-01,-0.88,-0.3240670005136659,-0.5559329721210867
1908-12-01,-1.15,-0.5827746186707362,-0.5672253503161014
1909-01-01,-0.29,0.28744467545838837,-0.577444640779718
1909-02-01,-0.88,-0.29344420757160594,-0.5865557540836093
1909-03-01,-0.54,0.054527635673682656,-0.5945275936798153
1909-04-01,-0.68,-0.07866676766870143,-0.6013331867236008
1909-05-01,-0.36,0.24694984555951843,-0.6069497963919915
1909-06-01,-1.1,-0.4886409320844277,-0.6113590152614253
1909-07-01,-1.0,-0.38545310455910764,-0.614546839392939
1909-08-01,-0.97,-0.3534962178109916,-0.6165037228599819
1909-09-01,-0.85,-0.2327753249808698,-0.617224612541925
1909-10-01,-1.24,-0.623290971432584,-0.6167089630952434
1909-11-01,-1.5,-0.8850391996026725,-0.6149607321037878
1909-12-01,-1.08,-0.46801157357993883,-0.6119883554991218
1910-01-01,-0.93,-0.3221952232347043,-0.6078047034311761
1910-02-01,-0.64,-0.0375729076289428,-0.602427016858022
1910-03-01,-0.79,-0.19412309735107283,-0.595876825210985
1910-04-01,-1.17,-0.5818200753333559,-0.5881798455771519
1910-05-01,-1.41,-0.8306340556259947,-0.5793658639251749
1910-06-01,-1.04,-0.47053131952060945,-0.5694685989816934
1910-07-01,-0.88,-0.3214743683371782,-0.5585255494442872
1910-08-01,-0.9,-0.3534220921131908,-0.5465778252922187
1910-09-01,-1.29,-0.7563299533620296,-0.5336699640279394
1910-10-01,-0.94,-0.4201501849999094,-0.5198497327500397
1910-11-01,-0.53,-0.02483200147736389,-0.5051679170216488
1910-12-01,-0.64,-0.15032182209265535,-0.4896780975569166
1911-01-01,-0.57,-0.09656350541088707,-0.4734364158017935
1911-02-01,-0.58,-0.12349859366431842,-0.45650132953360023
1911-03-01,-0.82,-0.38106656596671556,-0.43893335964656877
1911-04-01,-1.11,-0.6892050991376694,-0.42079482932741985
1911-05-01,-1.05,-0.6478503349019381,-0.40214959685591667
1911-06-01,-0.64,-0.25693715220417196,-0.3830627832900421
1911-07-01,-0.22,0.14360055663903712,-0.363600496313857
1911-08-01,-0.28,0.06382960723986397,-0.3438295515381207
1911-09-01,0.22,0.5438172431883823,-0.3238171925493441
1911-10-01,0.2,0.5036308561449399,-0.30363081100208517
1911-11-01,0.84,1.1233377072632955,-0.28333766804202754
1911-12-01,0.96,1.223004651218476,-0.26300461833377853
1912-01-01,1.55,1.7926978640934563,-0.242697837947516
1912-02-01,0.83,1.0524825763529777,-0.22248255733276837
1912-03-01,0.69,0.8924228121010801,-0.20242280057593995
1912-04-01,0.58,0.762581135781749,-0.18258113210094296
1912-05-01,0.0,0.16301840743944584,-0.1630184119297469
1912-06-01,-0.24,-0.09620645239120074,-0.14379356057210574
1912-07-01,-0.1,0.02496331285049025,-0.12496333456149089
1912-08-01,-0.4,-0.2934179171062252,-0.10658211359767772
1912-09-01,0.09,0.17870166028548395,-0.08870170019583257
1912-10-01,-0.13,-0.058628916618909455,-0.07137113267766283
1912-11-01,0.16,0.214636453445743,-0.05463651227255851
1912-12-01,-0.49,-0.45145922343742884,-0.038540845025998055
1913-01-01,-0.2,-0.17687617902783964,-0.023123899139144755
1913-02-01,0.18,0.18842199039143553,-0.008422078287846394
1913-03-01,0.16,0.15446821378237877,0.005531688608504837
1913-04-01,-0.77,-0.7887081480384168,0.01870804077727171
1913-05-01,-0.28,-0.31108137863926016,0.031081261831927432
1913-06-01,-0.16,-0.2026294648337824,0.04262933863232299
1913-07-01,-0.15,-0.2033341380168722,0.0533340026204448
1913-08-01,-0.09,-0.15318089791384012,0.06318075356940851
1913-09-01,0.05,-0.02215901876386489,0.07215886576672711
1913-10-01,0.03,-0.05026153804185224,0.0802613767359861
1913-11-01,0.8,0.7125147720945882,0.08748505868362849
1913-12-01,0.85,0.7561694503646422,0.09383037293926444
1914-01-01,0.7,0.6006984085813167,0.09930140773843442
1914-02-01,0.8,0.6960940100981159,0.10390579977572345
1914-03-01,0.32,0.21234516398039754,0.10765464003318988
1914-04-01,0.69,0.579437434321633,0.1105623644638771
1914-05-01,0.01,-0.10264683594735421,0.11264663018235398
1914-06-01,0.08,-0.03392838747733279,0.11392817788341547
1914-07-01,0.53,0.4155691060652824,0.11443068127590623
1914-08-01,0.92,0.8058192007001532,0.11418058438075213
1914-09-01,0.68,0.5667928560633853,0.11320692760035196
1914-10-01,0.26,0.1484586196057061,0.11154116352015665
1914-11-01,0.3,0.1907828200486743,0.10921696345222356
1914-12-01,0.68,0.5737297690451921,0.1062700157744705
1915-01-01,0.88,0.7772619699519763,0.10273781715797486
1915-02-01,0.65,0.5513403325886121,0.09865945780769374
1915-03-01,0.49,0.39592439283062547,0.09407540186916843
1915-04-01,0.47,0.38097253586289503,0.08902726417489533
1915-05-01,0.52,0.43644222190487647,0.08355758451889019
1915-06-01,1.1,1.0222902132107095,0.07770960065637732
1915-07-01,0.07,-0.001527198854542,0.0715270212273578
1915-08-01,0.05,-0.015053967856426181,0.06505379979795008
1915-09-01,0.17,0.11166593136733001,0.058333911201790156
1915-10-01,0.24,0.18858872290127948,0.05141113134540591
1915-11-01,-0.15,-0.19432895465603964,0.044328821616366955
1915-12-01,-0.23,-0.2671298383101797,0.03712971900122957
1916-01-01,-0.12,-0.14985583756732201,0.029855732981968662
1916-02-01,-0.61,-0.6325478391332768,0.022547750234887764
1916-03-01,-0.54,-0.5552455203880867,0.015245448105149008
1916-04-01,-0.63,-0.6379871725526374,0.007987117773342085
1916-05-01,-0.23,-0.23080953440144258,0.0008094979682412135
1916-06-01,-0.36,-0.3537476373082911,-0.0062523799875434044
1916-07-01,-1.11,-1.0968346623392853,-0.01316533508450584
1916-08-01,-1.48,-1.4601018100312957,-0.01989816684773892
1916-09-01,-1.36,-1.3335781834136171,-0.02642177231519711
1916-10-01,-1.36,-1.3272906847471335,-0.032709249298422255
1916-11-01,-1.72,-1.6812639263691682,-0.03873598553755401
1916-12-01,-1.64,-1.595520155944031,-0.04447973345060992
1917-01-01,-1.56,-1.510079196329713,-0.04992067026658263
1917-02-01,-1.2,-1.1449584001808826,-0.0550414434222102
1917-03-01,-0.64,-0.5801726193179253,-0.059827201192667656
1917-04-01,-0.29,-0.22573418880196683,-0.06426560861624049
1917-05-01,-0.3,-0.23165292556724726,-0.06834684886161957
1917-06-01,-0.04,0.03206385862450145,-0.07206361027316527
1917-07-01,-0.05,0.02541133022724873,-0.07541105941371506
1917-08-01,0.15,0.228387093352156,-0.0783868005056728
1917-09-01,-0.03,0.05099113608567468,-0.08099082174867527
1917-10-01,0.04,0.1232257642359737,-0.08322542906557803
1917-11-01,-0.43,-0.34490447687167597,-0.0850951678973713
1917-12-01,-0.72,-0.6333928918660988,-0.08660673373150445
1918-01-01,-0.84,-0.752230735325018,-0.0877688721065812
1918-02-01,-0.82,-0.7314073214977596,-0.0885922688891414
1918-03-01,-0.96,-0.8709101429134125,-0.0890894316649687
1918-04-01,-0.56,-0.4707249969915814,-0.08927456312779429
1918-05-01,-0.17,-0.0808361197389317,-0.08916342738218697
1918-06-01,0.37,0.458773674412483,-0.08877321010465698
1918-07-01,-0.07,0.018122847589583574,-0.08812237352743318
1918-08-01,0.12,0.2072309892633157,-0.08723050722293176
1918-09-01,0.41,0.4961186638191022,-0.08611817567360898
1918-10-01,0.93,1.0148072558971988,-0.08480676361172727
1918-11-01,1.23,1.3133188144806058,-0.08331832010667424
1918-12-01,1.3,1.3816758966947176,-0.08167540236402449
1919-01-01,1.6,1.6799014122631126,-0.07990092018075219
1919-02-01,1.24,1.3180184695380612,-0.07801798197517161
1919-03-01,0.9,0.9760502239927721,-0.07604974327864009
1919-04-01,0.69,0.7640197300255476,-0.07401925853918509
1919-05-01,0.63,0.7019497968842199,-0.07194933704543566
1919-06-01,0.61,0.6798628494730077,-0.06986240373300373
1919-07-01,0.4,0.46778079475372736,-0.06778036558525005
1919-08-01,0.62,0.6857248943995968,-0.06572448428667652
1919-09-01,0.5,0.5637156443032141,-0.06371525573051644
1919-10-01,0.13,0.19177266148112704,-0.06177229692295346
1919-11-01,-0.37,-0.3100854211436723,-0.05991424076529785
1919-12-01,0.34,0.3981589483374265,-0.05815863913288747
1920-01-01,0.64,0.696522152549758,-0.05652187460595545
1920-02-01,0.6,0.6550193255096308,-0.05501908114370008
1920-03-01,0.53,0.5836642824689569,-0.053664073928773995
1920-04-01,-0.16,-0.10753054090610592,-0.05246928854583438
1920-05-01,-0.21,-0.1585541399215602,-0.051445729595097536
1920-06-01,0.29,0.34060301723252717,-0.05060292878043751
1920-07-01,0.15,0.1999489570244308,-0.04994891245185244
1920-08-01,0.13,0.17949017749964757,-0.04949017852446422
1920-09-01,0.27,0.3192316344431686,-0.04923168264095743
1920-10-01,0.48,0.5291767365994873,-0.04917683339181755
1920-11-01,-0.08,-0.030672650284840314,-0.04932749635817904
1920-12-01,-0.01,0.039683809122423364,-0.049684006695796396
1921-01-01,0.43,0.4802449405395786,-0.050245189935825614
1921-02-01,-0.52,-0.4689919112753619,-0.05100839063894049
1921-03-01,-1.42,-1.3680308464165787,-0.051969508503960406
1921-04-01,-0.55,-0.49687736669812443,-0.053123041500752734
1921-05-01,-0.92,-0.8655383259550155,-0.05446213556977339
1921-06-01,-0.21,-0.15402187425874203,-0.05597864040726707
1921-07-01,-0.27,-0.2123373965474027,-0.05766317083587097
1921-08-01,-0.29,-0.23049544618600826,-0.05950517324512379
1921-09-01,-0.17,-0.10850767398367811,-0.06149299657511874
1921-10-01,0.04,0.1036132467981199,-0.06361396730916835
1921-11-01,-1.03,-0.9641463010914277,-0.06585446793776187
1921-12-01,-0.5,-0.43180079749589095,-0.06820001835616253
1922-01-01,-0.54,-0.46936550105547337,-0.07063535966156242
1922-02-01,-0.07,0.0031436364614301215,-0.0731445398226202
1922-03-01,0.08,0.1557100571819252,-0.07571100070426935
1922-04-01,-0.54,-0.4616833149965617,-0.07831766594370225
1922-05-01,0.22,0.3009460138313511,-0.08094702918920095
1922-06-01,-0.44,-0.3564198042905697,-0.08358124223177923
1922-07-01,-0.44,-0.35379887160642004,-0.0862022025801942
1922-08-01,-0.78,-0.6912094580578133,-0.08879164005254768
1922-09-01,-0.38,-0.2886699160792616,-0.09133120198218712
1922-10-01,-0.26,-0.16619859715546836,-0.09380253666168988
1922-11-01,-0.31,-0.21381377048935135,-0.09618737467612418
1922-12-01,-0.53,-0.431533544101095,-0.09846760780527675
1923-01-01,-0.41,-0.30937578864920745,-0.1006253652038669
1923-02-01,-0.76,-0.6573580642346375,-0.10264308659868458
1923-03-01,-0.85,-0.7454975504187552,-0.10450359227184779
1923-04-01,-0.55,-0.4438109796556242,-0.10619014962973576
1923-05-01,-0.25,-0.14231457430878014,-0.10768653618738569
1923-06-01,-0.15,-0.04102398739283891,-0.10897709882802313
1923-07-01,-0.2,-0.08995424715092992,-0.11004680922672107
1923-08-01,0.2,0.31088029444962084,-0.11088131535575864
1923-09-01,0.64,0.7514660092485916,-0.11146698901690576
1923-10-01,0.79,0.9017900364229559,-0.11179096937244049
1923-11-01,0.87,0.9818403220129605,-0.11184120247208564
1923-12-01,1.02,1.1316056544654551,-0.11160647679712334
1924-01-01,0.46,0.571075696238416,-0.11107645486562648
1924-02-01,0.63,0.7402410115318321,-0.11024170096397291
1924-03-01,0.39,0.4990930902298629,-0.10909370508953274
1924-04-01,-0.02,0.08762436815733143,-0.10762490320760845
1924-05-01,-0.85,-0.7441717562297161,-0.10582869394233156
1924-06-01,-0.67,-0.566300908584652,-0.10369945183625172
1924-07-01,-0.98,-0.8787677286939393,-0.10123253732676472
1924-08-01,-0.78,-0.6815758636239646,-0.09842430359927819
1924-09-01,-0.86,-0.7647279638210466,-0.0952721004870633
1924-10-01,-0.46,-0.36822568198640104,-0.09177427559603643
1924-11-01,-1.09,-1.0020696745413076,-0.08793017283919606
1924-12-01,-0.66,-0.576259605493167,-0.08374012857004798
1925-01-01,-1.03,-0.9507941525104151,-0.07920546550702323
1925-02-01,-0.47,-0.39567101501363766,-0.07432848464157539
1925-03-01,-0.53,-0.4608869240915132,-0.06911245532129064
1925-04-01,-0.52,-0.456437654053708,-0.06356160369592496
1925-05-01,-0.4,-0.34231803543827705,-0.05768109970878432
1925-06-01,-0.18,-0.12852196929873888,-0.05147704280829611
1925-07-01,0.5,0.5449575573944252,-0.044956446545019506
1925-08-01,0.68,0.7181284553915274,-0.038127222207774154
1925-09-01,0.77,0.8009995159809157,-0.030998161639132535
1925-10-01,0.85,0.8735803931107929,-0.023578919355353778
1925-11-01,1.0,1.0158815849239429,-0.01587999407910799
1925-12-01,1.6,1.6079144147956304,-0.007912709775256247
1926-01-01,1.52,1.5196910119457372,0.0003108037392477857
1926-02-01,1.29,1.281224291676142,0.00877763056031196
1926-03-01,1.19,1.172527935263778,0.01747408880608497
1926-04-01,1.01,0.9836163695189672,0.026385751061156076
1926-05-01,0.83,0.7945047459978878,0.03549746516670216
1926-06-01,0.61,0.5652089198377446,0.044793375388014464
1926-07-01,0.63,0.5757454281636437,0.05425694401038811
1926-08-01,0.15,0.0861314679977041,0.06387097343283543
1926-09-01,-0.07,-0.1436151264161829,0.0736176288461904
1926-10-01,-0.39,-0.47347590697396336,0.08347846159763006
1926-11-01,-0.27,-0.36343183587501793,0.0934344333572044
1926-12-01,-0.23,-0.33346331071479246,0.10346594121342412
1927-01-01,0.1,-0.013550190642709015,0.11355284383412903
1927-02-01,0.23,0.10632817627167362,0.12367448883560472
1927-03-01,-0.18,-0.31380707568295,0.13380974150712596
1927-04-01,-0.27,-0.4139343600854825,0.14393701503970943
1927-05-01,-0.59,-0.7440316702602636,0.15403430240681545
1927-06-01,-0.15,-0.3140766129509749,0.1640792100410436
1927-07-01,-0.31,-0.4840464439283217,0.17404899344454056
1927-08-01,-0.09,-0.2739181056603476,0.1839205948619344
1927-09-01,-0.16,-0.3536682671627762,0.19367068313320626
1927-10-01,0.27,0.06672663386696787,0.20327569583011112
1927-11-01,-0.04,-0.2527096534554804,0.21271188376369418
1927-12-01,0.25,0.02804675985271665,0.22195535793226442
1928-01-01,0.47,0.23901985320591423,0.23098213895904765
1928-02-01,0.21,-0.029766355502875375,0.2397682090468266
1928-03-01,-0.24,-0.4882878643758349,0.24828956645338224
1928-04-01,-0.22,-0.4765207444841476,0.256522282466684
1928-05-01,-0.04,-0.3044411992947015,0.26444256083276224
1928-06-01,-0.26,-0.5320256264757084,0.27202679956226195
1928-07-01,0.02,-0.2592506819796411,0.279251655014071
1928-08-01,-0.28,-0.5660933462738604,0.28609410812639285
1928-09-01,-0.13,-0.4225309925611579,0.29253153263746035
1928-10-01,-0.12,-0.4185414568043476,0.29854176511003516
1928-11-01,-0.17,-0.47410310934142524,0.30410317654618396
1928-12-01,-0.03,-0.33919492785081296,0.3091947453518529
1929-01-01,-0.15,-0.46379657140020875,0.3137961313847467
1929-02-01,-0.08,-0.397888455287781,0.317887750794245
1929-03-01,-0.15,-0.47145182636116767,0.32145085133881685
1929-04-01,-0.15,-0.4744688384782594,0.3244675878448998
1929-05-01,-0.17,-0.49692262775425133,0.32692109745173453
1929-06-01,0.13,-0.1987973872222462,0.32879557426943046
1929-07-01,-0.02,-0.35007844051995224,0.33007634306281136
1929-08-01,0.1,-0.23075231420298264,0.3307499315615435
1929-09-01,0.3,-0.030806808276070352,0.33080414098787175
1929-10-01,0.4,0.06976893547262203,0.3302281143871372
1929-11-01,0.18,-0.14901563224807068,0.3290124023432514
1929-12-01,0.63,0.3028474690804178,0.32714902566156767
1930-01-01,0.35,0.025364690545416013,0.32463153460517336
1930-02-01,0.39,0.06854089841535349,0.3214550642775854
1930-03-01,0.29,-0.027620676997872504,0.31761638575516465
1930-04-01,0.41,0.09688151215648891,0.3131139525862503
1930-05-01,-0.04,-0.34795271023750735,0.3079479422909978
1930-06-01,0.27,-0.03212528042315388,0.30212029251609235
1930-07-01,0.64,0.34436007473573915,0.2956347315217893
1930-08-01,0.68,0.39149781322549,0.28849680270494815
1930-09-01,1.28,0.9992805595844005,0.2807138828906976
1930-10-01,1.14,0.8676990930716957,0.27229519415688547
1930-11-01,1.79,1.5267423425055857,0.2632518089892781
1930-12-01,1.41,1.1563973879366976,0.2535966486013126
1931-01-01,1.49,1.2466494692855112,0.2433444742897649
1931-02-01,1.33,1.0974820020335434,0.23251187173664858
1931-03-01,1.18,0.9588766000179716,0.22111722820765717
1931-04-01,0.96,0.7508131053387449,0.20918070263814287
1931-05-01,0.63,0.4332696253462186,0.19672418863861826
1931-06-01,0.48,0.29622257663643115,0.18377127049270447
1931-07-01,0.4,0.22964673594062157,0.1703471722609622
1931-08-01,0.15,-0.006484702244165752,0.15647870014378848
1931-09-01,-0.42,-0.5622000614751752,0.14219417829520406
1931-10-01,-0.22,-0.34752911286375865,0.1275233783165888
1931-11-01,-0.27,-0.3825029985194788,0.11249744269496377
1931-12-01,-0.28,-0.3771541492366727,0.09714880248401411
1932-01-01,-0.42,-0.5015161967530433,0.08151108955747423
1932-02-01,-0.19,-0.2556238809389408,0.06561904379355775
1932-03-01,0.25,0.2004870476975017,0.04950841557564287
1932-04-01,0.25,0.21677992978033678,0.033215864018275865
1932-05-01,0.28,0.2632173026807898,0.016778851348612338
1932-06-01,0.19,0.1897610095290163,0.00023553389157778747
1932-07-01,-0.11,-0.09362768884081507,-0.01637534987778179
1932-08-01,0.09,0.12301200051229144,-0.03301459373913428
1932-09-01,0.02,0.06964051901203466,-0.04964264010417801
1932-10-01,0.02,0.08621807442308754,-0.06621969787575978
1932-11-01,-0.04,0.04270475969824594,-0.0827058612952397
1932-12-01,-0.41,-0.31093932767887444,-0.09906122928476027
1933-01-01,-0.21,-0.09475396634565095,-0.11524602479433836
1933-02-01,-0.08,0.05122130780941625,-0.13122071366994797
1933-03-01,-0.2,-0.05305268043641537,-0.1469461225679173
1933-04-01,0.01,0.17238537086106598,-0.16238355545292238
1933-05-01,-0.4,-0.22250264454953472,-0.17749490823149486
1933-06-01,-0.86,-0.6677541287724584,-0.19224278109012657
1933-07-01,-0.66,-0.4534056701280805,-0.20659058812657974
1933-08-01,-0.94,-0.7194929366119427,-0.2205026638847099
1933-09-01,-0.77,-0.5360505728155707,-0.23394436642677097
1933-10-01,-1.1,-0.8531121006496938,-0.24688217660256714
1933-11-01,-1.06,-0.800709824183656,-0.25928379320169814
1933-12-01,-1.21,-0.9388747388866515,-0.2711182237032502
1934-01-01,-0.93,-0.6476364455274091,-0.2823558703663431
1934-02-01,-0.87,-0.5770230689591935,-0.29296861143466746
1934-03-01,-0.95,-0.6470611819869244,-0.3029298772582508
1934-04-01,-0.42,-0.10777573448298661,-0.31221472116588667
1934-05-01,-0.49,-0.16918998788832207,-0.3207998849516707
1934-06-01,-0.33,-0.0013254552058626912,-0.3286638588686314
1934-07-01,-0.43,-0.09420184656450548,-0.33578693605126886
1934-08-01,-0.33,0.012162979595988943,-0.34215126131668055
1934-09-01,-0.52,-0.17224694030449686,-0.3477408743206325
1934-10-01,-0.26,0.0925543625410708,-0.3525417470702349
1934-11-01,-0.11,0.2465548212367526,-0.35654181581862493
1934-12-01,-0.24,0.11974435952324769,-0.35973100738909064
1935-01-01,-0.32,0.0421149126148231,-0.36210125999626713
1935-02-01,-0.19,0.173660442619389,-0.3636465386502955
1935-03-01,-0.28,0.08437694864378631,-0.3643628452460758
1935-04-01,-0.32,0.04426247170051875,-0.3642482234539136
1935-05-01,-0.54,-0.17668290545576273,-0.36330275853993
1935-06-01,-0.4,-0.038457063423768645,-0.361528572254566
1935-07-01,-0.65,-0.29105585603693873,-0.35892981293538234
1935-08-01,0.06,0.41552687512126146,-0.3555126409761679
1935-09-01,0.08,0.43129928172388726,-0.3512852098181907
1935-10-01,0.28,0.6262714853865408,-0.3462576426213249
1935-11-01,0.28,0.6204555501906451,-0.3404420047728764
1935-12-01,-0.04,0.29386545120008917,-0.33385227239032916
1936-01-01,0.74,1.0665170391242424,-0.3265042969710845
1936-02-01,0.49,0.8084280012758147,-0.3184157663377392
1936-03-01,0.0,0.3096178189662714,-0.30960616202171776
1936-04-01,0.29,0.5901077214748438,-0.3000967132213465
1936-05-01,-0.07,0.2199206367196046,-0.289910347462929
1936-06-01,-0.35,-0.07091886124902713,-0.2790716380852735
1936-07-01,-0.34,-0.07238460782041789,-0.2676067486596536
1936-08-01,-0.32,-0.06444890635821832,-0.25554337444855985
1936-09-01,-0.1,0.142917410397509,-0.24291068099804755
1936-10-01,0.38,0.6097449161469903,-0.22973923995019901
1936-11-01,-0.03,0.18606552414490546,-0.21606096215440446
1936-12-01,0.63,0.8319124176834956,-0.20190902814900868
1937-01-01,-0.3,-0.1126800219901859,-0.18731781607855358
1937-02-01,0.3,0.4723237097369536,-0.17232282710654132
1937-03-01,0.25,0.4069601638050465,-0.1569606083795073
1937-04-01,0.21,0.35126685804491553,-0.14126867359537296
1937-05-01,-0.43,-0.3047178046040192,-0.1252854212276787
1937-06-01,-0.3,-0.19095462016983683,-0.10905005045749179
1937-07-01,0.09,0.1825963300354312,-0.09260247486663817
1937-08-01,-0.2,-0.12402440908380735,-0.07598323394949234
1937-09-01,0.17,0.22922424297313432,-0.05923340250593169
1937-10-01,-0.1,-0.057616190367693956,-0.04239449798524193
1937-11-01,0.21,0.23549616260221287,-0.02550838585975689
1937-12-01,0.22,0.22860342534852687,-0.008617183117804818
1938-01-01,-0.21,-0.2182521252114742,0.008236840021929516
1938-02-01,0.23,0.20497184132162605,0.025011360058302182
1938-03-01,-0.06,-0.10168239267182481,0.041664101685742215
1938-04-01,0.09,0.031827304285917346,0.05815294065302933
1938-05-01,-0.33,-0.4044571913278132,0.0744360078348439
1938-06-01,-0.88,-0.9704943631604286,0.09047179432838395
1938-07-01,-0.98,-1.0862431609264769,0.1062192573666625
1938-08-01,-0.81,-0.9316631069382179,0.12163792681869164
1938-09-01,-0.28,-0.41671440297262374,0.13668801202487849
1938-10-01,-0.75,-0.9013580372009479,0.15133050869387665
1938-11-01,-0.72,-0.8855558908850222,0.1655273055651516
1938-12-01,-0.79,-0.9692708445228368,0.17924129051994217
1939-01-01,-0.67,-0.8624668831051462,0.19243645580245827
1939-02-01,-0.95,-1.1551092001250243,0.20507800199337925
1939-03-01,-0.85,-1.067164299963932,0.2171324403593447
1939-04-01,-0.27,-0.4986000982611971,0.22856769318549122
1939-05-01,-0.25,-0.4893860198592437,0.23935319168350663
1939-06-01,0.05,-0.19949309390467418,0.24945997105546097
1939-07-01,0.25,-0.008894045675733375,0.2588607622841173
1939-08-01,0.06,-0.20756338470007984,0.2675300802137928
1939-09-01,0.43,0.15452251127671368,0.27544430748236437
1939-10-01,-0.47,-0.7526146830883609,0.2825817738648947
1939-11-01,0.32,0.031044684909990017,0.2889228305927565
1939-12-01,0.05,-0.24448182287435066,0.294449919219177
1940-01-01,1.18,0.8808212015343637,0.29914763461289756
1940-02-01,1.38,1.0769669554840067,0.3030027816761817
1940-03-01,1.19,0.8839663756074237,0.30600442540171535
1940-04-01,0.8,0.4918280947615041,0.3081439339049712
1940-05-01,0.34,0.030558406330393917,0.3094150140942797
1940-06-01,0.55,0.2401612362016221,0.3098137396700212
1940-07-01,0.21,-0.09936187730860568,0.3093385711768685
1940-08-01,0.75,0.44198820465964533,0.3079903678686569
1940-09-01,0.05,-0.25579178198308017,0.3057723911840028
1940-10-01,0.32,0.017292500783909093,0.3026902996719758
1940-11-01,0.7,0.40123300682101104,0.2987521352506569
1940-12-01,1.39,1.0960193282996356,0.2939683007269745
1941-01-01,1.38,1.091638726939785,0.2883515285534577
1941-02-01,1.34,1.0580761739898057,0.2819168408461224
1941-03-01,1.41,1.1353143988747172,0.27468150073722325
1941-04-01,1.36,1.0933339463894314,0.2666649551866605
1941-05-01,1.32,1.0621132422630084,0.25788876942599626
1941-06-01,0.88,0.6316286668702495,0.24837655325887856
1941-07-01,0.73,0.49185463681781905,0.23815387949074596
1941-08-01,0.79,0.5627636940842381,0.22724819480854638
1941-09-01,0.68,0.46432660234684353,0.21568872347741525
1941-10-01,0.99,0.7865124500846707,0.20350636426538937
1941-11-01,1.17,0.9792887600045634,0.19073358104887653
1941-12-01,1.27,1.0926216042990167,0.17740428759036386
1942-01-01,0.61,0.4464757252087286,0.16355372701537793
1942-02-01,0.53,0.380814660330849,0.14921834654766503
1942-03-01,0.25,0.11560087208582859,0.1344356680896519
1942-04-01,0.57,0.45079588073175103,0.1192441552592098
1942-05-01,-0.1,-0.20363959970456968,0.10368307751336758
1942-06-01,-0.52,-0.6077455232256169,0.08779237200473389
1942-07-01,-0.55,-0.6215623720466765,0.07161250382687807
1942-08-01,-0.96,-1.0151310158270452,0.05518432531072425
1942-09-01,-1.17,-1.2084925706122687,0.038548935035123515
1942-10-01,-1.32,-1.3416882581472245,0.021747537211239964
1942-11-01,-1.5,-1.5047592662118379,0.004821302092318726
1942-12-01,-1.24,-1.2277466106187764,-0.01218877195204295
1943-01-01,-1.2,-1.1706909994958612,-0.02924199407462284
1943-02-01,-1.18,-1.1336327004554259,-0.04629811370035137
1943-03-01,-1.1,-1.0366114112286464,-0.0633174498093898
1943-04-01,-0.6,-0.5196661343153532,-0.08026101620329366
1943-05-01,-0.36,-0.26283505616931424,-0.09709064223458919
1943-06-01,-0.11,0.0038445685942063434,-0.11376908851330068
1943-07-01,-0.09,0.040336527517341736,-0.13026015713949773
1943-08-01,0.05,0.1966057547311857,-0.1465287960484392
1943-09-01,-0.24,-0.07738157087462672,-0.16254119709403836
1943-10-01,-0.44,-0.26165793407852933,-0.17826488753683115
1943-11-01,-0.5,-0.3062543986425824,-0.19366881464408628
1943-12-01,-0.42,-0.21120052976759945,-0.2087234231518445
1944-01-01,-0.42,-0.19652432389590668,-0.2234007253812326
1944-02-01,0.16,0.39774785397288204,-0.23767436384408822
1944-03-01,-0.21,0.04159132533026305,-0.2515196662154973
1944-04-01,0.11,0.3749831454907697,-0.26491369259304176
1944-05-01,0.14,0.4179021431684226,-0.27783527500415517
1944-06-01,0.04,0.3303289522994399,-0.2902650491637801
1944-07-01,0.08,0.38224603615279584,-0.30218547852431416
1944-08-01,0.0,0.3136377038088125,-0.3135808706984555
1944-09-01,-0.31,0.014490119123272194,-0.32443738637284614
1944-10-01,-0.22,0.114791302330355,-0.33474304086621554
1944-11-01,-0.35,-0.005468875528085837,-0.3444876985199225
1944-12-01,-0.26,0.0937012948730509,-0.35366306014124477
1945-01-01,-0.36,0.0022953419145892995,-0.36226264375036776
1945-02-01,-0.47,-0.09969141261832071,-0.3702817589106575
1945-03-01,-0.79,-0.412261885305635,-0.37771747494837077
1945-04-01,-0.76,-0.37541726864963826,-0.3845685833923563
1945-05-01,-0.46,-0.06915707406753807,-0.39083555498644307
1945-06-01,-0.59,-0.19347917994719843,-0.3965204916470059
1945-07-01,-0.61,-0.2083798843763906,-0.40162707375555884
1945-08-01,-0.84,-0.43385396214105365,-0.4061605031910783
1945-09-01,-0.82,-0.4098947255757758,-0.41012744251902716
1945-10-01,-0.86,-0.44649408884001635,-0.4135359507636777
1945-11-01,-0.42,-0.003642635186646959,-0.4163954161972686
1945-12-01,-0.54,-0.12132968678513223,-0.41871648658372795
1946-01-01,-0.44,-0.019543376660211977,-0.4205109973161399
1946-02-01,-0.24,0.18172927769179092,-0.4217918978858011
1946-03-01,-0.36,0.06250229944283593,-0.42257317711662146
1946-04-01,-0.48,-0.05720932324377728,-0.4228697875917929
1946-05-01,-0.39,0.03261028671038316,-0.4226975696901265
1946-06-01,0.15,0.5719778192288337,-0.4220731756373054
1946-07-01,0.03,0.4509107014070749,-0.4210139939626112
1946-08-01,-0.52,-0.10057297738986348,-0.419538074734556
1946-09-01,-0.19,0.22754546069509526,-0.4176640559294215
1946-10-01,-0.01,0.40528520969134046,-0.41541109126511594
1946-11-01,-0.18,0.23266590924781294,-0.4127987798091768
1946-12-01,0.03,0.43970757613111133,-0.40984709764434984
1947-01-01,0.39,0.7964305380313814,-0.40657633184816294
1947-02-01,-0.13,0.272855369904524,-0.40300701701449504
1947-03-01,0.28,0.6790028330497074,-0.39915987451554136
1947-04-01,-0.07,0.32489381709068166,-0.395055754672025
1947-05-01,-0.55,-0.1594507150018708,-0.3907155819682482
1947-06-01,0.07,0.4559902212586586,-0.3861603034168576
1947-07-01,-0.39,-0.008762416735874134,-0.38141084014626264
1947-08-01,-0.37,0.0063122559630856,-0.37648804225174815
1947-09-01,-1.05,-0.6787649902153582,-0.3714126469197003
1947-10-01,-0.82,-0.45397353818617125,-0.3662052398032647
1947-11-01,-0.73,-0.3692929598326039,-0.36088621959740486
1947-12-01,0.18,0.5352969514894764,-0.3554757657319588
1948-01-01,0.05,0.39981615145851074,-0.3499938090731243
1948-02-01,0.37,0.7142843181700218,-0.344460005497044
1948-03-01,0.63,0.9687208282347654,-0.33889371217403147
1948-04-01,0.25,0.5831447354084414,-0.3333139663786719
1948-05-01,0.31,0.6375747515479189,-0.3277394666197585
1948-06-01,0.06,0.38202922966988606,-0.32218855586498724
1948-07-01,-0.06,0.2565261488711995,-0.3166792066187097
1948-08-01,-0.02,0.29108310085622036,-0.31122900759703176
1948-09-01,-0.02,0.285717277805149,-0.3058551517333032
1948-10-01,-0.68,-0.3795545386909521,-0.30057442523872047
1948-11-01,-0.3,-0.0047159879080554,-0.2954031974374949
1948-12-01,0.38,0.6702488602382819,-0.2903574110939153
1949-01-01,-0.46,-0.17464450435497025,-0.28545257294974247
1949-02-01,0.26,0.5406189584221508,-0.2807037441947589
1949-03-01,-0.55,-0.27394617102721236,-0.2761255306009819
1949-04-01,0.19,0.4616742174953834,-0.27173207206202404
1949-05-01,-0.07,0.19749375266425084,-0.2675370312933106
1949-06-01,-0.72,-0.4564744307376587,-0.2635535814662703
1949-07-01,-0.39,-0.13021770543950384,-0.2597943925701047
1949-08-01,-0.32,-0.06372396673922001,-0.25627161631817247
1949-09-01,-0.65,-0.39698164915236533,-0.252996869442234
1949-10-01,-0.72,-0.4699797447806597,-0.2499812152465833
1949-11-01,-1.33,-1.082707823496711,-0.24723514332520946
1949-12-01,-1.2,-0.9551560550083245,-0.24476854737831014
1950-01-01,-1.05,-0.8073152328309183,-0.2425907010994158
1950-02-01,-1.5,-1.2591768001603145,-0.24071023214074147
1950-03-01,-1.07,-0.8307328776008455,-0.23913509420179824
1950-04-01,-0.91,-0.6719762926657098,-0.2378725373243769
1950-05-01,-1.3,-1.0629006109283095,-0.2369290765153549
1950-06-01,-0.86,-0.6235001686651799,-0.23631045885694738
1950-07-01,-1.08,-0.8437701067936725,-0.23602162930159132
1950-08-01,-0.63,-0.393706405871148,-0.23606669538518193
1950-09-01,-1.1,-0.8633059218874417,-0.2364488911274343
1950-10-01,-0.83,-0.592566422549361,-0.23717054042129856
1950-11-01,-1.38,-1.1414866237251888,-0.23823302024419676
1950-12-01,-1.04,-0.8000662256891968,-0.23963672405197947
1951-01-01,-1.13,-0.88830594878117,-0.24138102574154302
1951-02-01,-0.74,-0.49620756807451893,-0.2434642445896566
1951-03-01,-0.77,-0.5237739466287223,-0.24588361159340594
1951-04-01,-0.17,0.07899093311180794,-0.24863523765148685
1951-05-01,-0.1,0.15208194021986343,-0.2517140840351349
1951-06-01,-0.09,0.16549276894093423,-0.25511393560256224
1951-07-01,0.66,0.919215915554848,-0.2588273772112485
1951-08-01,0.9,1.163242658891992,-0.26284577377820384
1951-09-01,0.67,0.9375630449434998,-0.2671592544293591
1951-10-01,0.79,1.0621658759910462,-0.27175670116555334
1951-11-01,0.78,1.057038704663473,-0.27662574245426397
1951-12-01,0.71,0.9921678333045624,-0.28175275213338613
1952-01-01,0.39,0.677538319009033,-0.28712285398618764
1952-02-01,0.24,0.5331339846524762,-0.2927199323152675
1952-03-01,0.04,0.338937436205749,-0.29852664880818375
1952-04-01,0.41,0.7149300865855359,-0.30452446594867477
1952-05-01,-0.38,-0.06890781374924071,-0.31069367718538665
1952-06-01,-0.66,-0.3425971392904692,-0.3170134440250763
1952-07-01,-0.59,-0.2661598449461763,-0.3234618401697235
1952-08-01,-0.42,-0.08961891441077974,-0.33001590276721643
1952-09-01,-0.35,-0.012998301424511194,-0.33665169079363894
1952-10-01,-0.04,0.3036771360406071,-0.3433443505320621
1952-11-01,-0.32,0.03038170857664302,-0.3500681880584983
1952-12-01,-0.55,-0.19291102502905166,-0.35679674859070876
1953-01-01,0.36,0.7237718284708841,-0.36350290250024747
1953-02-01,0.24,0.610402589425099,-0.3701589377328916
1953-03-01,0.22,0.596953103989671,-0.37673665832784387
1953-04-01,0.77,1.1533948485336776,-0.38320748867222454
1953-05-01,0.35,0.7396990393262417,-0.3895425830748125
1953-06-01,0.41,0.8058367470363984,-0.39571294019217623
1953-07-01,0.2,0.601779015528606,-0.40168952179168893
1953-08-01,0.04,0.4474969843907575,-0.40744337528986535
1953-09-01,0.67,1.0829620145886842,-0.41294575946142525
1953-10-01,0.11,0.5281458166016595,-0.4181682726748808
1953-11-01,0.31,0.7330205803577693,-0.4230829829746599
1953-12-01,0.15,0.5775591062566381,-0.4276625592981926
1954-01-01,0.39,0.8217349365400746,-0.4318804030893542
1954-02-01,0.21,0.6455224862492874,-0.43571077954749743
1954-03-01,0.01,0.44889717299046883,-0.4391289477343057
1954-04-01,-0.32,0.12183554471919089,-0.4421112887491156
1954-05-01,-0.53,-0.08568459525171679,-0.44463543117739174
1954-06-01,-0.8,-0.35368406681608444,-0.4466803730168638
1954-07-01,-1.02,-0.5721821959994494,-0.4482265992915612
1954-08-01,-1.08,-0.6311967030226437,-0.4492561945756737
1954-09-01,-1.03,-0.5807435962634387,-0.4497529496668252
1954-10-01,-0.91,-0.4608370728519481,-0.44970246167193234
1954-11-01,-1.17,-0.7214894266058477,-0.4490922267982126
1954-12-01,-0.79,-0.342710963976183,-0.4479117251769662
1955-01-01,-0.66,-0.21450992863376894,-0.4461524970882527
1955-02-01,-0.79,-0.3468924352802859,-0.4438082100002735
1955-03-01,-0.8,-0.35986241321732493,-0.4408747158878459
1955-04-01,-0.95,-0.5134215601512897,-0.43735009834947325
1955-05-01,-1.23,-0.797569306652552,-0.4332347091017879
1955-06-01,-1.2,-0.7723027916239964,-0.4285311934931613
1955-07-01,-1.32,-0.8976168490675642,-0.42324450474458086
1955-08-01,-0.91,-0.49350400636807,-0.4173819066950025
1955-09-01,-1.33,-0.9199544942419362,-0.4109529648997958
1955-10-01,-1.59,-1.1869562684251334,-0.4039695260040632
1955-11-01,-1.91,-1.5144950431000193,-0.39644568538698466
1955-12-01,-1.52,-1.132554335985614,-0.3883977431483413
1956-01-01,-1.23,-0.8511155249405934,-0.37984414858342264
1956-02-01,-0.98,-0.6101579158536466,-0.37080543336703425
1956-03-01,-0.93,-0.5696588215222829,-0.36130413374070686
1956-04-01,-0.78,-0.42959365114939096,-0.3513647020688743
1956-05-01,-0.59,-0.249936010017355,-0.34101340819917947
1956-06-01,-0.83,-0.5006578088328674,-0.3302782311286244
1956-07-01,-0.94,-0.6217293821723175,-0.3191887415404848
1956-08-01,-0.81,-0.5031196153982113,-0.3077759758362602
1956-09-01,-0.91,-0.6147960793620119,-0.29607230234197024
1956-10-01,-0.69,-0.40672517215848303,-0.2841112804184111
1956-11-01,-1.01,-0.7388722671514282,-0.2719275132501648
1956-12-01,-0.58,-0.32120186645107046,-0.25955649512786877
1957-01-01,-0.56,-0.3136777589893952,-0.24703445407220084
1957-02-01,-0.24,-0.006263182311958604,-0.23439819067596823
1957-03-01,0.08,0.30107901281698146,-0.22168491406241542
1957-04-01,0.42,0.6283861959143683,-0.20893207587323706
1957-05-01,0.45,0.6456957893104263,-0.19617720320871557
1957-06-01,0.53,0.713045100642341,-0.18345773144487776
1957-07-01,0.69,0.860471156234813,-0.17081083784861378
1957-08-01,0.79,0.9480105362822302,-0.15827327690142734
1957-09-01,0.53,0.6756992127305028,-0.14588121822604347
1957-10-01,0.74,0.873572390733925,-0.1336700879877046
1957-11-01,1.09,1.2116643545340298,-0.1216744146139056
1957-12-01,1.18,1.2900083185736024,-0.10992767964286543
1958-01-01,1.54,1.6386362846202023,-0.0984621744725716
1958-02-01,1.4,1.4875789056300706,-0.0873088637391575
1958-03-01,0.99,1.0668653570356328,-0.07649725600611407
1958-04-01,0.31,0.3765232160883878,-0.06605528239485331
1958-05-01,0.32,0.37657834983429384,-0.05600918373290551
1958-06-01,0.3,0.3470548122412882,-0.04638340673903608
1958-07-01,0.04,0.07797475093882533,-0.03720050970530144
1958-08-01,0.24,0.26935832396776815,-0.02848107807501537
1958-09-01,-0.31,-0.2887763731239068,-0.020243650253246263
1958-10-01,-0.03,-0.01641336956786832,-0.012504653923278427
1958-11-01,0.05,0.056461129162978074,-0.005278353078893766
1958-12-01,0.3,0.29985870086157224,0.0014231940812045713
1959-01-01,0.43,0.4237886771423536,0.007590166313588862
1959-02-01,0.5,0.48825812506255206,0.01321499952392872
1959-03-01,0.26,0.24327183976459849,0.018292396034476036
1959-04-01,0.27,0.2488323480350809,0.02281932302472609
1959-05-01,-0.01,-0.035060077382473465,0.026795000302360063
1959-06-01,-0.33,-0.3584073929396911,0.030220877616980647
1959-07-01,-0.28,-0.31121374917250044,0.033100601782095965
1959-08-01,-0.41,-0.443485445650296,0.03543997392103736
1959-09-01,-0.53,-0.5652308763559072,0.03724689719979205
1959-10-01,0.11,0.07353953408817171,0.03853131545389957
1959-11-01,-0.17,-0.2071865971095475,0.03930514315743698
1959-12-01,-0.05,-0.0874235302367451,0.03958218721956695
1960-01-01,0.02,-0.01718731473145496,0.03937806112803379
1960-02-01,-0.24,-0.27649569372304056,0.038710091989280535
1960-03-01,-0.08,-0.11536800204679787,0.03759722104146118
1960-04-01,0.01,-0.023825058342236805,0.03605989823949339
1960-05-01,0.05,0.018110948135451888,0.03411997153041556
1960-06-01,-0.2,-0.22958342465439313,0.03180057145267445
1960-07-01,-0.25,-0.27693274972303433,0.029125991704589335
1960-08-01,-0.0,-0.023962605917927315,0.026121566335148103
1960-09-01,0.03,0.00930054986168416,0.022813544214538715
1960-10-01,-0.07,-0.08717048757112389,0.019228961442469994
1960-11-01,-0.38,-0.39340354061463434,0.015395512349469776
1960-12-01,0.02,0.010573082848825188,0.011341419740060458
1961-01-01,-0.15,-0.15526927882037533,0.007095305017111008
1961-02-01,0.04,0.03904049006830568,0.002686058813872578
1961-03-01,-0.1,-0.09652658763887295,-0.001857287255643823
1961-04-01,0.13,0.1380005460199562,-0.006505687136048236
1961-05-01,-0.01,0.002593109634593027,-0.01123020458932432
1961-06-01,0.1,0.11722260493001613,-0.016002134626665443
1961-07-01,-0.32,-0.29813906426203396,-0.020793121593614166
1961-08-01,-0.25,-0.2235194770685701,-0.025575273417456305
1961-09-01,-0.52,-0.4889455851481019,-0.03032127155657944
1961-10-01,-0.71,-0.6744436072076193,-0.0350044762240874
1961-11-01,-0.19,-0.15003892886597292,-0.03959902649215257
1961-12-01,-0.29,-0.24575600822955876,-0.04407993491916424
1962-01-01,-0.25,-0.20161828750874297,-0.0484231763784639
1962-02-01,-0.16,-0.10764811096497101,-0.05260577080511106
1962-03-01,-0.41,-0.3538666494393421,-0.05660585961545657
1962-04-01,-0.32,-0.2602938316737189,-0.06040277559307352
1962-05-01,-0.42,-0.35694828259550426,-0.06397710607356821
1962-06-01,-0.22,-0.15384726869727888,-0.06731074929972826
1962-07-01,-0.3,-0.23100665060274195,-0.07038696385712677
1962-08-01,-0.13,-0.05844084287115753,-0.07319041113846256
1962-09-01,-0.56,-0.48616278105389626,-0.0757071908223546
1962-10-01,-0.33,-0.25418389597900354,-0.0779248693888106
1962-11-01,-0.43,-0.35251409520311344,-0.07983250172895122
1962-12-01,-0.49,-0.4111617515347913,-0.08142064594060122
1963-01-01,-0.32,-0.24013369849955876,-0.08268137143387788
1963-02-01,-0.26,-0.17943523258475266,-0.08360826050175023
1963-03-01,-0.06,0.02092987792796379,-0.0841964035395622
1963-04-01,-0.06,0.020959377763003682,-0.08444238812457776
1963-05-01,-0.0,0.08065250333104326,-0.08434428219160654
1963-06-01,0.12,0.2000099555600372,-0.08390161156361693
1963-07-01,0.72,0.7990338671700338,-0.08311533211687297
1963-08-01,0.9,0.9777277647044351,-0.08198779687850255
1963-09-01,0.65,0.7260965256477013,-0.08052271837049839
1963-10-01,0.84,0.9141463309745913,-0.07872512652797871
1963-11-01,0.75,0.8218846134888214,-0.07660132253112031
1963-12-01,1.05,1.1193200023195875,-0.07415882889957358
1964-01-01,0.76,0.8264622639528347,-0.0714063362054417
1964-02-01,0.55,0.613322240180428,-0.06835364676613426
1964-03-01,-0.16,-0.10008821664529477,-0.06501161568167352
1964-04-01,-0.53,-0.4737563106617848,-0.061392089582427964
1964-05-01,-0.74,-0.6876683714610328,-0.057507843452852585
1964-06-01,-0.88,-0.8318099245798096,-0.053372515894707005
1964-07-01,-0.65,-0.6061657631294194,-0.04900054318945935
1964-08-01,-0.76,-0.7207200201837042,-0.04440709251421467
1964-09-01,-0.93,-0.8954562415504693,-0.03960799465856171
1964-10-01,-1.0,-0.9703574585595399,-0.03461967658122975
1964-11-01,-1.1,-1.075406260510393,-0.02945909413539488
1964-12-01,-1.07,-1.050584866433673,-0.02414366527987314
1965-01-01,-0.57,-0.555875195833951,-0.01869120408028437
1965-02-01,-0.36,-0.35125893809579734,-0.013119855789567073
1965-03-01,-0.34,-0.33671762025163954,-0.007448033280979899
1965-04-01,-0.09,-0.09223267282788694,-0.0016943550889623393
1965-05-01,0.19,0.1822145064945474,0.0041224147060125674
1965-06-01,0.45,0.4366424916480166,0.00998342453311176
1965-07-01,0.81,0.7910697695942505,0.01586979113382896
1965-08-01,1.25,1.2255146845848848,0.021762652941334476
1965-09-01,1.26,1.2299953854373449,0.027643220890338445
1965-10-01,1.61,1.574529775970868,0.033492826536368245
1965-11-01,1.54,1.4991354687205494,0.03929296738904214
1965-12-01,1.45,1.4038297420198413,0.04502534938998673
1966-01-01,1.13,1.0786295005142783,0.050671926492226294
1966-02-01,0.83,0.7735512391415158,0.056214937323881005
1966-03-01,0.83,0.7686110105854744,0.06163693894455457
1966-04-01,0.54,0.47382439618568084,0.06692083772757275
1966-05-01,-0.06,-0.13079351974289444,0.07204991742496604
1966-06-01,0.14,0.06477182775124812,0.07700786449449892
1966-07-01,0.23,0.15053446516610136,0.0817787907888832
1966-08-01,-0.1,-0.18349213540883424,0.08634725372635081
1966-09-01,-0.05,-0.13729506924583157,0.09069827407880965
1966-10-01,-0.05,-0.14086200908136676,0.09481735152870477
1966-11-01,-0.37,-0.4641812125338811,0.09869047815833396
1966-12-01,-0.26,-0.3572415270160754,0.1023041500456329
1967-01-01,-0.55,-0.6500323923316392,0.1056453771482994
1967-02-01,-0.56,-0.6625438411546696,0.1087016916635516
1967-03-01,-0.47,-0.5747664975959771,0.11146115505383021
1967-04-01,-0.53,-0.6366915740641639,0.1139123639294096
1967-05-01,-0.24,-0.34831086663074856,0.1160444549772592
1967-06-01,-0.12,-0.22961674910786845,0.11784710912170203
1967-07-01,-0.1,-0.21060216604432092,0.11931055509658564
1967-08-01,-0.31,-0.4212606248410262,0.1204255726009682
1967-09-01,-0.59,-0.7015861871806015,0.121183495200899
1967-10-01,-0.38,-0.49157345995777496,0.12157621312892472
1967-11-01,-0.34,-0.451217585888024,0.12159617612068
1967-12-01,-0.35,-0.46051423396132096,0.12123639641452955
1968-01-01,-0.6,-0.7094595898963459,0.12049045202593495
1968-02-01,-0.74,-0.8480503467382656,0.11935249039323981
1968-03-01,-0.76,-0.8662836957303148,0.1178172324761239
1968-04-01,-0.47,-0.5741573175761949,0.11587997737228634
1968-05-01,-0.44,-0.5416693741969072,0.11353660750219637
1968-06-01,0.19,0.09118149892773264,0.11078359439619859
1968-07-01,0.31,0.2143961997558541,0.10761800510306796
1968-08-01,0.33,0.237975165954332,0.10403750922445325
1968-09-01,0.05,-0.03808161960823181,0.10004038656567654
1968-10-01,0.32,0.23622537581352432,0.09562553538019711
1968-11-01,0.76,0.680895238669744,0.09079248117280006
1968-12-01,0.76,0.6859266120776193,0.08554138601530507
1969-01-01,0.9,0.8313176979087008,0.07987305831835076
1969-02-01,1.02,0.9570662580008191,0.07378896299361287
1969-03-01,0.61,0.553169614502171,0.06729123193264822
1969-04-01,0.33,0.27962464936241926,0.06038267472138901
1969-05-01,0.39,0.3464278029922991,0.05306678950308985
1969-06-01,0.26,0.22357507211926742,0.04534777389717928
1969-07-01,0.1,0.07106200687232234,0.037230535876907764
1969-08-01,0.52,0.4988837071343206,0.02872070450482187
1969-09-01,0.47,0.45703481820502845,0.01982464042183354
1969-10-01,0.66,0.6555095258228634,0.010549445982893209
1969-11-01,0.75,0.7543015505979704,0.000902974929917901
1969-12-01,0.68,0.6934041419139311,-0.009106158509428499
1970-01-01,0.55,0.5728100713602114,-0.019468571210349412
1970-02-01,0.36,0.3925116257624611,-0.030174103541892743
1970-03-01,0.26,0.302500599883039,-0.04121181267693867
1970-04-01,0.18,0.2327682888697663,-0.05256996693954795
1970-05-01,0.01,0.07330548053690544,-0.06423604130979604
1970-06-01,-0.3,-0.2258975524312249,-0.07619671420809648
1970-07-01,-0.98,-0.8948510602567825,-0.08843786568300485
1970-08-01,-0.95,-0.853565823720684,-0.1009445771285725
1970-09-01,-0.78,-0.6720531615787314,-0.1137011326594392
1970-10-01,-0.65,-0.5303249376219754,-0.12669102227394288
1970-11-01,-0.85,-0.7183935672538698,-0.13989694693747612
1970-12-01,-1.11,-0.9662720234490054,-0.1533008257200062
1971-01-01,-1.47,-1.313973841950629,-0.16688380512294348
1971-02-01,-1.28,-1.1115131255570063,-0.1806262707312226
1971-03-01,-1.29,-1.1089045473401205,-0.19450786132636422
1971-04-01,-0.97,-0.776163352634508,-0.20850748559521784
1971-05-01,-0.82,-0.6133053596293501,-0.22260334156684305
1971-06-01,-0.78,-0.5603469583935974,-0.23677293890637385
1971-07-01,-0.64,-0.40730510816202004,-0.2509931241895271
1971-08-01,-0.65,-0.4041973327099404,-0.2652401092744873
1971-09-01,-0.75,-0.491041713646163,-0.2794895028790649
1971-10-01,-0.78,-0.507856881457446,-0.2937163454601398
1971-11-01,-0.85,-0.5646620041439088,-0.3078951474793691
1971-12-01,-0.89,-0.5914767732931445,-0.32199993112386827
1972-01-01,-0.58,-0.2683213874515624,-0.33600427553304235
1972-02-01,-0.22,0.10478346733530286,-0.34988136556292343
1972-03-01,-0.25,0.08781663992613409,-0.3636040440973204
1972-04-01,0.21,0.5607565395254255,-0.3771448678908753
1972-05-01,0.33,0.6935811642376105,-0.39047616690287756
1972-06-01,0.66,1.0362681327855032,-0.40357010705258495
1972-07-01,0.83,1.2187947194204227,-0.41639875629706946
1972-08-01,1.3,1.701137892025164,-0.4289341539015119
1972-09-01,1.19,1.603274353383396,-0.4411483827397388
1972-10-01,1.77,2.195180585560323,-0.4530136444299952
1972-11-01,1.87,2.3068328973100183,-0.46450233707788163
1972-12-01,2.19,2.638207474395036,-0.47558713536548597
1973-01-01,1.6,2.059280432674263,-0.4862410726934848
1973-02-01,1.08,1.5500278737858009,-0.4964376250518462
1973-03-01,0.58,1.0604259432236238,-0.5061507962652216
1973-04-01,-0.07,0.4204508905800499,-0.5153552042316478
1973-05-01,-0.56,-0.05992086829867116,-0.5240261677482352
1973-06-01,-0.86,-0.35071268751883733,-0.5321397934955238
1973-07-01,-1.14,-0.6219476260028842,-0.5396730627335095
1973-08-01,-1.21,-0.6836483813220395,-0.5466039172472987
1973-09-01,-1.4,-0.8658372228237323,-0.5529113440691943
1973-10-01,-1.58,-1.0385359243898782,-0.5585754584969311
1973-11-01,-2.07,-1.5217656971690725,-0.5635775849249005
1973-12-01,-2.18,-1.6255471226291909,-0.5679003350065711
1974-01-01,-2.02,-1.4599000862768234,-0.5715276826719374
1974-02-01,-1.5,-0.9348437123865443,-0.5744450355336272
1974-03-01,-1.44,-0.8703963000761741,-0.5766393022291683
1974-04-01,-1.0,-0.42657526105430077,-0.5780989552646851
1974-05-01,-0.79,-0.2133970593533865,-0.578814088946777
1974-06-01,-0.7,-0.12087715334618121,-0.5787764720142683
1974-07-01,-0.65,-0.06902994032499321,-0.5779795946096898
1974-08-01,-0.32,0.2621312960970068,-0.5764187092614574
1974-09-01,-0.35,0.23259443552566805,-0.5740908655814925
1974-10-01,-0.75,-0.16765143294574336,-0.5709949384191757
1974-11-01,-0.96,-0.3786159679267266,-0.5671316492507571
1974-12-01,-0.86,-0.28030753653863216,-0.5625035806233498
1975-01-01,-0.37,0.20726682102471228,-0.5571151835141136
1975-02-01,-0.33,0.24410142308055366,-0.5509727775078624
1975-03-01,-0.59,-0.019808025890617642,-0.5440845437398107
1975-04-01,-0.59,-0.024464411570987776,-0.536460510594168
1975-05-01,-1.0,-0.4398691901274674,-0.5281125321934851
1975-06-01,-1.25,-0.6960223725196688,-0.5190542597577172
1975-07-01,-1.24,-0.6929225127560663,-0.5093011059555643
1975-08-01,-1.16,-0.6205667000340568,-0.49887020241344987
1975-09-01,-1.44,-0.9089505546743211,-0.4877803505891692
1975-10-01,-1.47,-0.9480682277361222,-0.47605196625743285
1975-11-01,-1.46,-0.9479124041781707,-0.4637070178929253
1975-12-01,-1.64,-1.1384743094097647,-0.4507689592727543
1976-01-01,-1.8,-1.3097437190592471,-0.43726265665396863
1976-02-01,-1.05,-0.5717089717716911,-0.42321431091285644
1976-03-01,-0.68,-0.21435698483533894,-0.4086513750607189
1976-04-01,-0.42,0.03232672757314814,-0.3936024675754885
1976-05-01,-0.49,-0.05164196625900397,-0.378097282009688
1976-06-01,0.0,0.4237541615887639,-0.3621664933526239
1976-07-01,0.15,0.5585336738765112,-0.3458416616382128
1976-08-01,0.31,0.7027164416629693,-0.32915513329936547
1976-09-01,0.57,0.9463236162275056,-0.3121399407753441
1976-10-01,0.86,1.2193775996549707,-0.2948297008799614
1976-11-01,0.88,1.2219020142708266,-0.27725851243596333
1976-12-01,0.64,0.9639216710984116,-0.25946085367452876
1977-01-01,0.84,1.1454625374920278,-0.24147147988867387
1977-02-01,0.55,0.8365517040789985,-0.22332532181566297
1977-03-01,0.4,0.6672173511212448,-0.20505738520652217
1977-04-01,-0.25,-0.0025112856173821196,-0.1867026520206871
1977-05-01,-0.03,0.19739605056246168,-0.16829598366097312
1977-06-01,0.36,0.5669706023291703,-0.14987202663873953
1977-07-01,0.45,0.6362445629600445,-0.13146512103164348
1977-08-01,0.25,0.41525104056609363,-0.11310921206707031
1977-09-01,0.44,0.584024021852816,-0.09483776513351365
1977-10-01,0.89,1.0125983353408776,-0.07668368449020019
1977-11-01,1.03,1.1310096139443233,-0.05867923591244276
1977-12-01,1.09,1.1692942567788862,-0.04085597347689968
1978-01-01,0.72,0.7774893900494682,-0.023244670657447494
1978-02-01,0.51,0.545632826844248,-0.005875255869065464
1978-03-01,0.06,0.07376302564352599,0.011223247435706345
1978-04-01,-0.37,-0.3780809526654534,0.028022776045241133
1978-05-01,-0.49,-0.5198594894905026,0.0444962776007606
1978-06-01,-0.45,-0.5015324551871467,0.060617756529993065
1978-07-01,-0.48,-0.5530592579035851,0.07636231531904167
1978-08-01,-0.62,-0.714398894864029,0.09170619116548531
1978-09-01,-0.6,-0.7155100063374406,0.10662678808043173
1978-10-01,-0.34,-0.47635093253609845,0.12110270452998474
1978-11-01,-0.15,-0.3068797736822213,0.13511375672729156
1978-12-01,0.07,-0.10705445347112907,0.14864099770494318
1979-01-01,0.05,-0.1468327861461189,0.16166673231398038
1979-02-01,0.09,-0.12617254738347672,0.1741745283100955
1979-03-01,0.13,-0.1050315491659003,0.18614922369982398
1979-04-01,0.17,-0.08336771879923033,0.19757693052960756
1979-05-01,-0.09,-0.3611391822008772,0.208445035308617
1979-06-01,0.04,-0.2483043515588889,0.21874219626218955
1979-07-01,-0.2,-0.5048220174283595,0.22845833761672368
1979-08-01,0.21,-0.1106514452970847,0.23758464111893804
1979-09-01,0.48,0.14424752338483693,0.24611353499262337
1979-10-01,0.32,-0.030085634243952608,0.25403868053447604
1979-11-01,0.35,-0.013612232238535804,0.26135495654738566
1979-12-01,0.69,0.313705510165025,0.26805844180475535
1980-01-01,0.55,0.1619043505306178,0.27414639573316213
1980-02-01,0.33,-0.06898009861045412,0.27961723749302
1980-03-01,0.09,-0.3189134951409027,0.2844705236280002
1980-04-01,0.2,-0.21786289597649589,0.2887069244439116
1980-05-01,0.13,-0.2957968885644363,0.29232819926666537
1980-06-01,0.37,-0.06268572485593615,0.29533717071697985
1980-07-01,0.02,-0.4185014573013505,0.2977376981267582
1980-08-01,-0.23,-0.6732180763705268,0.2995346502087449
1980-09-01,-0.12,-0.566811649056357,0.30073387707729193
1980-10-01,-0.11,-0.5592604577763444,0.3013421817040119
1980-11-01,0.1,-0.3505451390455948,0.30136729087793523
1980-12-01,0.36,-0.09064882125540841,0.3008178257257005
1981-01-01,-0.45,-0.8995572608549733,0.2997032718334849
1981-02-01,-0.45,-0.8972589761998822,0.29803394899900554
1981-03-01,-0.02,-0.4637453783006475,0.2958209806291861
1981-04-01,-0.17,-0.6090108976775459,0.2930762627871761
1981-05-01,-0.11,-0.5430531065051685,0.2898124328815187
1981-06-01,-0.15,-0.5758728352114391,0.2860428379805659
1981-07-01,-0.43,-0.8474742826819024,0.2817815027269105
1981-08-01,-0.18,-0.5878651192109976,0.2770430968198039
1981-09-01,-0.07,-0.46705658133816746,0.27184290202840455
1981-10-01,-0.03,-0.4150635577082451,0.26619677869538105
1981-11-01,-0.27,-0.641904665102767,0.2601211316889937
1981-12-01,0.07,-0.28760231380195117,0.2536328757623795
1982-01-01,-0.04,-0.3821827614561061,0.24674940028143177
1982-02-01,-0.13,-0.45567615467037437,0.23948853328743303
1982-03-01,-0.02,-0.32811655753791935,0.23186850486746283
1982-04-01,0.24,-0.049541966394046455,0.2239079098145402
1982-05-01,0.65,0.38000568989283023,0.21562566957039112
1982-06-01,0.92,0.6704805647280749,0.20704099345656166
1982-07-01,0.64,0.41183292427508433,0.19817333921417465
1982-08-01,0.93,0.7240091941356541,0.1890423728887692
1982-09-01,1.39,1.2069520226791663,0.1796679281141386
1982-10-01,2.0,1.84060036140228,0.17006996486762668
1982-11-01,2.07,1.9348895626252791,0.16026852778864772
1982-12-01,2.33,2.2197514947515935,0.1502837041719176
1983-01-01,2.43,2.3451146752337912,0.14013558176665228
1983-02-01,2.22,2.160904421303125,0.12984420653240122
1983-03-01,1.69,1.657043018431006,0.11942954052082355
1983-04-01,1.12,1.1134499064003192,0.10891142007015939
1983-05-01,1.12,1.1400418827727994,0.0983095145149752
1983-06-01,0.62,0.6667333234465065,0.08764328562756553
1983-07-01,-0.11,-0.036563580094703285,0.0769319480187967
1983-08-01,-0.13,-0.029938567329196752,0.06619443073484349
1983-09-01,-0.5,-0.37348303962271645,0.055449340291904396
1983-10-01,-1.03,-0.8772897761986376,0.04471492539335397
1983-11-01,-1.13,-0.9514526359072588,0.03400904357272652
1983-12-01,-0.95,-0.7460662456312983,0.023349130001315353
1984-01-01,-0.8,-0.5712256762448054,0.012752168690971379
1984-02-01,-0.53,-0.2770261071192318,0.0022346663109121374
1984-03-01,-0.48,-0.20356248024308535,-0.0081873711779161
1984-04-01,-0.6,-0.3009291450902003,-0.01849845888601212
1984-05-01,-0.64,-0.3192194954359332,-0.028683650192932182
1984-06-01,-0.9,-0.5585255993803753,-0.03872855064101501
1984-07-01,-0.4,-0.038937823892783885,-0.04861932841435797
1984-08-01,-0.4,-0.020544455241747084,-0.058342721322042525
1984-09-01,-0.35,0.04656868327895902,-0.06788604023653222
1984-10-01,-0.83,-0.41768138512156505,-0.07723716897180018
1984-11-01,-1.18,-0.7533744074351948,-0.08638456062070612
1984-12-01,-1.53,-1.0905865193067252,-0.09531723040703452
1985-01-01,-0.89,-0.43938986677538994,-0.10402474514400885
1985-02-01,-0.91,-0.449852232867632,-0.1124972094275826
1985-03-01,-0.96,-0.4920366706179998,-0.12072524872893385
1985-04-01,-0.98,-0.5060011441051536,-0.12869998958591325
1985-05-01,-0.9,-0.4217981790951786,-0.13641303712726774
1985-06-01,-0.76,-0.2794745248846634,-0.1438564501958494
1985-07-01,-0.61,-0.12907082893140487,-0.1510227143672883
1985-08-01,-0.49,-0.01062132585122133,-0.15790471318835597
1985-09-01,-0.57,-0.09415354234522078,-0.16449569798408142
1985-10-01,-0.64,-0.1696880196030457,-0.17078925660425143
1985-11-01,-0.43,0.032761945295874395,-0.17677928149789807
1985-12-01,-0.4,0.053190537489147593,-0.18245993751846226
1986-01-01,-0.79,-0.34840035951487963,-0.18782562987227114
1986-02-01,-0.64,-0.2120009710604233,-0.19287097262856598
1986-03-01,-0.51,-0.09759346332651309,-0.19759075821040223
1986-04-01,-0.41,-0.015151801403628928,-0.2019799282821947
1986-05-01,-0.47,-0.09464163474895015,-0.2060335464414284
1986-06-01,-0.08,0.2739797887514224,-0.20974677310907966
1986-07-01,0.16,0.49076367894555145,-0.2131148429956268
1986-08-01,0.24,0.5457697287017791,-0.21613304549726733
1986-09-01,0.59,0.8690661072859855,-0.2187967083502449
1986-10-01,0.9,1.1507294208734917,-0.22110118484023156
1986-11-01,1.04,1.26084463931964,-0.22304184482877662
1986-12-01,0.98,1.1695049883989288,-0.22461406982024582
1987-01-01,1.19,1.3468118068138142,-0.2258132522508165
1987-02-01,1.17,1.2928743673711347,-0.226634799136401
1987-03-01,1.24,1.3278096618266817,-0.22707414016932337
1987-04-01,0.89,0.9417421490069118,-0.22712674030469787
1987-05-01,0.91,0.9248034659312845,-0.22678811682731576
1987-06-01,1.24,1.2171321017793795,-0.22605386083902185
1987-07-01,1.34,1.2788730346738277,-0.2249196630556659
1987-08-01,1.48,1.3801773313833132,-0.22338134375236182
1987-09-01,1.53,1.3912017101894463,-0.22143488664660155
1987-10-01,1.36,1.1821080673071394,-0.21907647646136558
1987-11-01,1.29,1.0730629674001908,-0.2163025398653491
1987-12-01,1.05,0.7942370988919181,-0.2131097894453626
1988-01-01,0.69,0.3958046949346583,-0.20949527032741527
1988-02-01,0.35,0.0179429210715063,-0.2054564090284551
1988-03-01,0.29,-0.07916876920162763,-0.20099106409067186
1988-04-01,-0.49,-0.8953493095861438,-0.1960975780250639
1988-05-01,-1.05,-1.4904167252720233,-0.1907748300709503
1988-06-01,-1.46,-1.9341888646121996,-0.18502228926352132
1988-07-01,-1.54,-2.046484156232352,-0.17884006729252774
1988-08-01,-1.44,-1.9771223894369654,-0.17222897063189332
1988-09-01,-1.33,-1.895925515580291,-0.16519055142238495
1988-10-01,-2.09,-2.682718467878887,-0.1577271565974012
1988-11-01,-2.18,-2.7973299969519956,-0.1498419747552663
1988-12-01,-1.98,-2.6195935191882205,-0.14153908029989765
1989-01-01,-1.95,-2.6093479748533577,-0.13282347439502934
1989-02-01,-1.37,-2.0464386926759417,-0.1237011223049516
1989-03-01,-1.33,-2.020718257475715,-0.11417898672653763
1989-04-01,-1.11,-1.8120473772371701,-0.1042650567527109
1989-05-01,-0.8,-1.5102957458769792,-0.09396837214596265
1989-06-01,-0.64,-1.3553428978120567,-0.08329904264155048
1989-07-01,-0.47,-1.1870790503055677,-0.07226826204307188
1989-08-01,-0.58,-1.2954059294528093,-0.060888316917692684
1989-09-01,-0.38,-1.090237575568963,-0.04917258974390522
1989-10-01,-0.4,-1.1015011236574666,-0.03713555641079579
1989-11-01,-0.3,-0.9891375545724816,-0.024792778013936534
1989-12-01,-0.13,-0.803102412442759,-0.012160886938724124
1990-01-01,0.02,-0.6333664838982418,0.0007424327331639919
1990-02-01,0.36,-0.2699164346359404,0.013898470414940163
1990-03-01,0.2,-0.40275539887888445,0.027287519682297524
1990-04-01,0.26,-0.3119035173220901,0.040888914256238466
1990-05-01,0.32,-0.21739841922311387,0.05468106910226022
1990-06-01,0.0,-0.49929564438253266,0.0686415264118691
1990-07-01,0.15,-0.3076690008719445,0.08274700620003225
1990-08-01,0.17,-0.24261085450420475,0.0969734612228001
1990-09-01,0.12,-0.2442323462027983,0.11129613589311385
1990-10-01,0.13,-0.1826635336145169,0.12568962884988744
1990-11-01,0.08,-0.17805345352197488,0.14012795881592827
1990-12-01,0.32,0.11942989815028077,0.15458463336421466
1991-01-01,0.51,0.3695996716805342,0.1690327201995231
1991-02-01,0.32,0.2422503569041186,0.18344492055341524
1991-03-01,0.1,0.0871580669262858,0.19779364428513993
1991-04-01,0.21,0.26408091421074387,0.21205108627903704
1991-05-01,0.44,0.562759480706775,0.22618930373047777
1991-06-01,0.65,0.842917383302807,0.24018029391714393
1991-07-01,0.62,0.8842619354994892,0.25399607206040725
1991-08-01,0.43,0.7664849057819485,0.26760874889257313
1991-09-01,0.22,0.6292633727404121,0.2809906075596181
1991-10-01,0.91,1.392260676542273,0.29411417950557556
1991-11-01,1.14,1.6951274658986015,0.30695231900368636
1991-12-01,1.62,2.247502839195848,0.31947827602057616
1992-01-01,1.61,2.3090155779809582,0.33166576712278295
1992-02-01,1.62,2.38928547049728,0.3434890441596469
1992-03-01,1.5,2.3379247224716084,0.35492296048257843
1992-04-01,1.41,2.314539451851733,0.36594303448773424
1992-05-01,1.27,2.2387312636911423,0.3765255102968162
1992-06-01,0.53,1.56009890087552,0.38664741541874414
1992-07-01,0.27,1.3582399658867008,0.3962866152630136
1992-08-01,-0.15,0.9927527083064258,0.4054218644033261
1992-09-01,-0.14,1.0532378722768743,0.4140328545172823
1992-10-01,-0.35,0.8893005976602342,0.422100258954291
1992-11-01,-0.14,1.1405523681779057,0.42960577390913
1992-12-01,0.04,1.356612999363948,0.4365321562025921
1993-01-01,0.28,1.6271126587394633,0.4428632576931846
1993-02-01,0.42,1.791693910207389,0.44858405636477305
1993-03-01,0.47,1.860013774282993,0.4536806841542391
1993-04-01,0.92,2.3217457954167275,0.45814045160056105
1993-05-01,0.93,2.3365821073353525,0.4619518694121407
1993-06-01,0.64,2.044235487026709,0.4651046670626204
1993-07-01,0.33,1.7244413877255886,0.46758980853680726
1993-08-01,0.16,1.5369599410248125,0.4693995053576157
1993-09-01,0.26,1.6115779180392265,0.4705272270321259
1993-10-01,0.36,1.6781106393927334,0.47096770905994073
1993-11-01,0.28,1.5564038236816982,0.4707169586500093
1993-12-01,0.19,1.4163353639938263,0.4697722582930124
1994-01-01,0.03,1.1978170220316526,0.46813216733532204
1994-02-01,-0.16,0.9407960294055225,0.46579652169752533
1994-03-01,-0.06,0.9652565857238545,0.46276643187562644
1994-04-01,0.03,0.9712212432196972,0.4590442793564092
1994-05-01,0.14,0.9887521678131715,0.45463371157017995
1994-06-01,0.27,1.0179522667201901,0.44953963549433784
1994-07-01,0.16,0.7989661729795146,0.443768210010069
1994-08-01,0.52,1.0419810775832317,0.43732683710209236
1994-09-01,0.4,0.7972274002603719,0.43022415197793024
1994-10-01,0.9,1.1649792903796816,0.4224700121687951
1994-11-01,1.14,1.2655549499054253,0.4140754856590199
1994-12-01,1.21,1.1893167708590502,0.40505283807516135
1995-01-01,1.1,0.926671280309114,0.3954155189496166
1995-02-01,0.87,0.5380688865311187,0.3851781470569587
1995-03-01,0.49,-0.005996579353147763,0.3743564948043499
1995-04-01,0.27,-0.3949885312318957,0.36296747164048176
1995-05-01,0.03,-0.8083285095692787,0.3510291064306565
1995-06-01,0.08,-0.9353972800899958,0.338560528729026
1995-07-01,0.03,-1.1655361521445662,0.325581948862799
1995-08-01,-0.38,-1.7580485184307886,0.3121146367276007
1995-09-01,-0.57,-2.1322016168234046,0.2981808991783041
1995-10-01,-0.72,-2.467228514106421,0.2838040558857697
1995-11-01,-0.78,-2.712330310414006,0.2690084135172338
1995-12-01,-0.72,-2.8366785621697463,0.25381923808681955
1996-01-01,-0.65,-2.949417920273929,0.23826272531304654
1996-02-01,-0.66,-3.1396689792283032,0.22236596881252713
1996-03-01,-0.48,-3.1365313318114727,0.20615692595350146
1996-04-01,-0.34,-3.169086822830033,0.18966438118972737
1996-05-01,-0.4,-3.3964029943751983,0.1729179066947261
1996-06-01,-0.12,-3.2775367139166085,0.1559478201187013
1996-07-01,-0.14,-3.4515379754690696,0.13878513929578598
1996-08-01,-0.3,-3.7574538629791343,0.12146153373778852
1996-09-01,-0.34,-3.934332664001622,0.10400927276243471
1996-10-01,-0.28,-4.001228120676608,0.08646117011932453
1996-11-01,-0.3,-4.137203803980259,0.068850524995502
1996-12-01,-0.43,-4.371337596213473,0.05121105930467831
1997-01-01,-0.43,-4.462726265715829,0.03357685118972516
1997-02-01,-0.24,-4.3504901168542345,0.015982264696987984
1997-03-01,-0.06,-4.233777697441084,-0.0015381243868698262
1997-04-01,0.34,-3.8817705448910393,-0.01894960650956725
1997-05-01,0.87,-3.3836879516338443,-0.036217420075492016
1997-06-01,1.15,-3.1187917295680463,-0.053306836811047205
1997-07-01,1.6,-2.666390952671982,-0.07018325062577568
1997-08-01,1.94,-2.305846656288839,-0.08681226977743778
1997-09-01,2.1,-2.1065764710765826,-0.10315981210334997
1997-10-01,2.29,-1.8580591691655783,-0.11919220303361559
1997-11-01,2.42,-1.6498390997010484,-0.13487627605495678
1997-12-01,2.3,-1.6715304906681334,-0.1501794752472988
1998-01-01,2.42,-1.4328215937079831,-0.1650699594697028
1998-02-01,2.08,-1.6334786485375496,-0.17951670772835066
1998-03-01,1.49,-2.0633496435867644,-0.1934896252177249
1998-04-01,0.9,-2.472367849567502,-0.2069596494875581
1998-05-01,0.68,-2.4905551028918076,-0.21989885615319124
1998-06-01,-0.39,-3.3380248161645496,-0.23228056353628002
1998-07-01,-0.73,-3.434984693390021,-0.2440794355968775
1998-08-01,-0.83,-3.2717391280546155,-0.2552715824972891
1998-09-01,-0.82,-2.978691262880004,-0.265834658123162
1998-10-01,-1.19,-3.046344690783949,-0.2757479538783721
1998-11-01,-1.23,-2.765304777439825,-0.28499248806766325
1998-12-01,-1.51,-2.7062795867910117,-0.2935510901848417
1999-01-01,-1.53,-2.370080391952542,-0.3014084794347227
1999-02-01,-1.41,-1.8776217551188157,-0.3085513368339672
1999-03-01,-0.92,-0.9999211613918935,-0.31496837025936586
1999-04-01,-0.81,-0.48809819284811173,-0.3206503718418717
1999-05-01,-0.87,-0.1333732306694485,-0.3255902671405502
1999-06-01,-0.95,0.2129343252224457,-0.329783155572331
1999-07-01,-0.84,0.7594083278804109,-0.3332263416206866
1999-08-01,-0.98,1.0645386534377637,-0.33591935639876086
1999-09-01,-0.84,1.656724474750675,-0.33786396919960365
1999-10-01,-1.03,1.9242780417353753,-0.3390641887275918
1999-11-01,-1.41,2.0054289694906755,-0.33952625377033874
1999-12-01,-1.54,2.338329033152411,-0.33925861313889677
2000-01-01,-1.79,2.551057466212931,-0.3382718947752938
2000-02-01,-1.53,3.2716267567625366,-0.3365788639998447
2000-03-01,-1.26,3.997988933778304,-0.33419437094565063
2000-04-01,-0.8,4.9080423332068355,-0.3311352873036383
2000-05-01,-0.8,5.349638831169706,-0.32742043257778636
2000-06-01,-0.75,5.830591529172501,-0.3230704901262207
2000-07-01,-0.57,6.428682873729837,-0.3181079133390238
2000-08-01,-0.36,7.04167319033934,-0.312556822377303
2000-09-01,-0.39,7.397309609257404,-0.30644289196970587
2000-10-01,-0.55,7.6033353580595096,-0.29979323083161163
2000-11-01,-0.75,7.7474993935186225,-0.2926362533381209
2000-12-01,-0.92,7.897566342918192,-0.28500154414420714
2001-01-01,-0.88,8.231326722542974,-0.2769197165035032
2001-02-01,-0.63,8.746607398773257,-0.2684222650907206
2001-03-01,-0.48,9.131282254957835,-0.25954141418122617
2001-04-01,-0.3,9.51328302507058,-0.2503099620844416
2001-05-01,-0.3,9.680610253076871,-0.24076112276513428
2001-06-01,-0.11,10.001344334961749,-0.23092836561802915
2001-07-01,0.01,10.213656598513705,-0.22084525438621902
2001-08-01,-0.07,10.185820374228749,-0.21054528623235785
2001-09-01,-0.28,9.986222009110785,-0.20006173198340602
2001-10-01,-0.26,9.973371773708575,-0.18942747857462724
2001-11-01,-0.28,9.875914611458095,-0.17867487471652121
2001-12-01,-0.46,9.572640678303353,-0.1678355807993718
2002-01-01,-0.14,9.722495619659835,-0.15694042403409847
2002-02-01,0.0,9.644590531073325,-0.14601925980516534
2002-03-01,0.11,9.488211548422935,-0.13510084018151783
2002-04-01,0.14,9.202829013230492,-0.12421269049501672
2002-05-01,0.21,8.908106158577727,-0.11338099485280743
2002-06-01,0.68,8.963907261306698,-0.10263049140072318
2002-07-01,0.57,8.39030520659482,-0.09198437809944955
2002-08-01,0.7,8.007588411660745,-0.08146422971409222
2002-09-01,0.82,7.566267056277034,-0.07108992665135148
2002-10-01,1.16,7.297078568945278,-0.06087959620712154
2002-11-01,1.41,6.890992319033054,-0.05084956671144134
2002-12-01,1.41,6.1892134668831025,-0.04101433497780704
2003-01-01,0.98,5.013185925885301,-0.03138654738042191
2003-02-01,0.64,3.8845943927524096,-0.02197699479654407
2003-03-01,0.48,2.895365404760991,-0.012794621562250275
2003-04-01,-0.03,1.5176673855078104,-0.0038465484992322332
2003-05-01,-0.52,0.12390964378696645,0.00486189002174564
2003-06-01,-0.19,-0.483259706490182,0.013327095107800726
2003-07-01,0.14,-1.1209569338365628,0.021547138681226128
2003-08-01,0.05,-2.2060670088728944,0.029521685439503034
2003-09-01,0.15,-3.1252490767675267,0.03725190184192277
2003-10-01,0.46,-3.85494309874794,0.04474035261675879
2003-11-01,0.39,-4.981377674477823,0.05199088537100592
2003-12-01,0.32,-6.12057905236188,0.05900850397031554
2004-01-01,0.26,-7.258381329911732,0.06579923143941935
2004-02-01,0.17,-8.43043784119521,0.07236996321258692
2004-03-01,-0.1,-9.782233723113979,0.0787283116390523
2004-04-01,0.06,-10.699099646827998,0.08488244271943926
2004-05-01,0.1,-11.726226695088553,0.09084090611559945
2004-06-01,0.14,-12.738682360574034,0.09661245953755845
2004-07-01,0.41,-13.501427634565543,0.10220588866706609
2004-08-01,0.66,-14.259335149474595,0.10762982382721843
2004-09-01,0.67,-15.22720833286595,0.11289255465142885
2004-10-01,0.73,-16.109801524729132,0.11800184404236494
2004-11-01,0.62,-17.121841003867512,0.12296474274204931
2004-12-01,0.71,-17.888046863419873,0.12778740585788254
2005-01-01,0.56,-18.843155669732788,0.13247491270564696
2005-02-01,0.26,-19.891943833090487,0.13703109133937827
2005-03-01,0.28,-20.55925161320994,0.1414583491391682
2005-04-01,0.28,-21.180007676951263,0.14575751082133862
2005-05-01,0.3,-21.709254120405802,0.14992766522089568
2005-06-01,0.22,-22.26217186243588,0.15396602217366182
2005-07-01,-0.01,-22.88410631187995,0.15786778079496458
2005-08-01,-0.04,-23.22059320603449,0.16162601041324973
2005-09-01,-0.08,-23.477384513708316,0.16523154537054252
2005-10-01,-0.15,-23.670474292145027,0.16867289484741116
2005-11-01,-0.44,-23.986124383453618,0.1719361688081421
2005-12-01,-0.75,-24.22088983290406,0.17500502109241653
2006-01-01,-0.98,-24.271643908561103,0.17786061060312314
2006-02-01,-0.71,-23.71560259927256,0.1804815814563437
2006-03-01,-0.73,-23.34034846602341,0.18284406286933175
2006-04-01,-0.3,-22.403853720138937,0.1849216894658444
2006-05-01,-0.11,-21.594502400792056,0.1866856425758835
2006-06-01,0.09,-20.661111523764063,0.18810471299919507
2006-07-01,0.03,-19.872951073444906,0.1891453855892213
2006-08-01,0.37,-18.569762710657432,0.18977194589708163
2006-09-01,0.63,-17.23177707006688,0.18994660899407628
2006-10-01,0.76,-15.909729522707359,0.18962967046666543
2006-11-01,0.98,-14.384874281533932,0.18877967945040014
2006-12-01,1.1,-12.848996730903194,0.18735363343939798
2007-01-01,0.59,-11.834423864505393,0.18530719447620153
2007-02-01,0.12,-10.674032720523014,0.1825949261937861
2007-03-01,-0.15,-9.211256707677794,0.17917055104764854
2007-04-01,-0.16,-7.390089721351253,0.17498722694189478
2007-05-01,-0.39,-5.695087955120976,0.1699978423196424
2007-06-01,-0.16,-3.4513693198413633,0.16415532865548518
2007-07-01,-0.37,-1.5646103898055947,0.15741298915687224
2007-08-01,-0.57,0.4089591964553224,0.14972484235270284
2007-09-01,-1.04,2.1825649445641253,0.1410459791219207
2007-10-01,-1.4,4.128898376510064,0.13133293159312193
2007-11-01,-1.58,6.310130611555466,0.12054405222890274
2007-12-01,-1.61,8.68792869041268,0.10863990129661556
2008-01-01,-1.79,10.953474666460087,0.09558364082113664
2008-02-01,-1.7,13.517487476475116,0.0813414330159452
2008-03-01,-1.17,16.540247591620894,0.0658828410970406
2008-04-01,-0.89,19.321624437266667,0.04918123030074019
2008-05-01,-0.64,22.07110655768882,0.031214166851945804
2008-06-01,-0.44,24.757834488830483,0.011963812564756426
2008-07-01,-0.04,27.620636289137714,-0.008582687296988262
2008-08-01,-0.04,30.04806566508628,-0.030432825314898423
2008-09-01,-0.28,32.188442614414534,-0.05358836481425842
2008-10-01,-0.3,34.48989649633784,-0.07804498683209664
2008-11-01,-0.37,36.670411424192835,-0.1037919536288586
2008-12-01,-0.9,38.30787386210312,-0.13081179121144823
2009-01-01,-1.0,40.28012229343109,-0.15907999331616757
2009-02-01,-0.71,42.5349988150443,-0.1885647492673791
2009-03-01,-0.72,44.370402497843216,-0.2192266980813808
2009-04-01,-0.25,46.554344340634,-0.2510187111249404
2009-05-01,0.17,48.54500363135179,-0.28388570556418263
2009-06-01,0.49,50.280785516913454,-0.31776449075213564
2009-07-01,0.69,51.730379570672106,-0.35258364960238964
2009-08-01,0.62,52.732819134627306,-0.3882634568822489
2009-09-01,0.68,53.677541202283344,-0.4247158362318112
2009-10-01,0.96,54.64444659741254,-0.4618443575760125
2009-11-01,1.49,55.65396019403892,-0.4995442764453473
2009-12-01,1.81,56.237090913778566,-0.5377026165583164
2010-01-01,1.43,55.89549122832295,-0.5761982968453357
2010-02-01,1.18,55.45151588739642,-0.6149023039106121
2010-03-01,1.07,54.90827958602273,-0.6536779107361592
2010-04-01,0.56,53.71971327946124,-0.6923809422315541
2010-05-01,-0.15,52.080618849779334,-0.7308600880251174
2010-06-01,-0.62,50.426721824773445,-0.768957262677884
2010-07-01,-0.89,48.714721847888846,-0.8065080132819551
2010-08-01,-1.33,46.572340596971394,-0.8433419741805526
2010-09-01,-1.56,44.37836685015857,-0.8792833683192891
2010-10-01,-1.65,42.06269839902725,-0.9141515545077711
2010-11-01,-1.57,39.65638051230005,-0.9477616196386163
2010-12-01,-1.63,36.85164065800623,-0.9799250146781987
2011-01-01,-1.7,33.78191919802622,-1.0104502330108511
2011-02-01,-1.26,30.971895776446587,-1.0391435294867553
2011-03-01,-0.98,27.757511132132354,-1.0658096782942188
2011-04-01,-0.74,24.265984076401026,-1.0902527675503637
2011-05-01,-0.53,20.515823388664195,-1.1122770282813192
2011-06-01,-0.25,16.616834396389933,-1.1316876952446893
2011-07-01,-0.23,12.250120020726866,-1.1482918968342628
2011-08-01,-0.66,7.238076085607936,-1.161899571100543
2011-09-01,-0.76,2.3743807060996076,-1.1723244047215708
2011-10-01,-0.93,-2.7260224088441785,-1.1793847915676356
2011-11-01,-1.09,-7.966946883257267,-1.1829048073216977
2011-12-01,-1.05,-13.140992952518907,-1.1827151964455822
2012-01-01,-0.93,-18.349583191538578,-1.178654367621168
2012-02-01,-0.61,-23.453004766330857,-1.1705693936467327
2012-03-01,-0.48,-28.82045825654842,-1.1583170116322283
2012-04-01,-0.29,-34.18011306940214,-1.141764619214388
2012-05-01,-0.18,-39.64916943718898,-1.1207912624040492
2012-06-01,0.14,-44.91392696145392,-1.0952886105847346
2012-07-01,0.44,-50.17985963672021,-1.065161914104165
2012-08-01,0.66,-55.48169725583024,-1.0303309398397558
2012-09-01,0.44,-61.15351306734911,-0.9907308800760187
2012-10-01,0.23,-66.718817523305,-0.9463132300068801
2012-11-01,0.33,-71.85065792289011,-0.8970466291698772
2012-12-01,-0.13,-77.39172372474407,-0.8429176621326698
2013-01-01,-0.42,-82.58445726721673,-0.7839316137858341
2013-02-01,-0.4,-87.26116960269052,-0.720113174650029
2013-03-01,-0.14,-91.46416111877222,-0.6515070916807566
2013-04-01,-0.08,-95.60584658608174,-0.5781787601504295
2013-05-01,-0.28,-99.71888423961535,-0.5002147523055847
2013-06-01,-0.33,-103.36630846839613,-0.41772327863701064
2013-07-01,-0.28,-106.57166565649345,-0.33083457776237024
2013-08-01,-0.29,-109.46915268765396,-0.2397012311045868
2013-09-01,-0.09,-111.76375759589362,-0.14449839875468673
2013-10-01,-0.24,-113.99140181561383,-0.0454239731347499
2013-11-01,-0.02,-115.40908345728108,0.05730135267522117
2013-12-01,-0.09,-116.65502100861193,0.16343410481377504
2014-01-01,-0.42,-117.67879683668706,0.27270813929592996
2014-02-01,-0.45,-117.90149984364169,0.38483484572188953
2014-03-01,-0.07,-117.1958666076954,0.4995034459783156
2014-04-01,0.28,-115.98642032244804,0.6163813895283381
2014-05-01,0.45,-114.40960683072953,0.7351148465238663
2014-06-01,0.48,-112.41392703499295,0.8553292995951787
2014-07-01,0.13,-110.23006495442496,0.976630234779359
2014-08-01,0.14,-107.11101068974885,1.0986039316421605
2014-09-01,0.37,-103.19217755024262,1.2208183522286755
2014-10-01,0.48,-98.81151259390973,1.342824128048168
2014-11-01,0.89,-93.54959983113612,1.4641556438591292
2014-12-01,0.77,-88.2397553446509,1.5843322165736267
2015-01-01,0.59,-82.41811358427604,1.7028593671470076
2015-02-01,0.57,-75.87370410388989,1.819230182861738
2015-03-01,0.48,-68.84851802031558,1.932926766954432
2015-04-01,0.9,-60.77756348954595,2.0434217720748027
2015-05-01,1.04,-52.468909514884416,2.15018001360631
2015-06-01,1.28,-43.563717424259806,2.2526601584226587
2015-07-01,1.56,-34.14625938019059,2.350316484204046
2015-08-01,1.87,-24.253923315647867,2.4426007039942714
2015-09-01,2.01,-14.117203722399484,2.528963850246533
2015-10-01,2.21,-3.539677755300097,2.608858212184136
2015-11-01,2.57,7.54203384360216,2.6817393198945347
2015-12-01,2.56,18.55832145338075,2.7470679681832797
2016-01-01,2.56,29.846657319884116,2.8043122728407295
2016-02-01,2.11,40.90168269295961,2.8529497516209097
2016-03-01,1.6,52.065311655516766,2.892469421900899
2016-04-01,1.05,63.306851887554444,2.922373906682674
2016-05-01,0.45,74.56314254806443,2.942181540319666
2016-06-01,0.06,86.03870939457211,2.9514284650994607
2016-07-01,-0.25,97.54593719412492,2.9496707095943098
2016-08-01,-0.48,109.02525941094804,2.9364862395044558
2016-09-01,-0.46,120.58536508492533,2.911476971567834
2016-10-01,-0.75,131.60342274171452,2.8742707409955917
2016-11-01,-0.63,142.7353210998677,2.8245232128179616
2016-12-01,-0.51,153.50592626300883,2.7619197274913647
2017-01-01,-0.34,163.89935500614402,2.686177071127003
2017-02-01,-0.01,173.9592636847765,2.597045160755395
2017-03-01,-0.09,183.0491522139136,2.494308635141877
2017-04-01,0.22,191.90268248153833,2.377788341816557
2017-05-01,0.3,199.8340104779352,2.247342711179803
2017-06-01,0.22,206.8481313386799,2.102869008792236
2017-07-01,0.22,213.12123641539958,1.9443044572572035
2017-08-01,-0.18,218.11108140487065,1.7716272194545708
2017-09-01,-0.56,222.1773644839291,1.5848572352877501
2017-10-01,-0.52,225.6621133153122,1.384056904561421
2017-11-01,-0.84,227.73007970822786,1.1693316091152732
2017-12-01,-0.85,228.99914063744774,0.9408300678989256
2018-01-01,-0.86,229.11070424634073,0.6987445192843257
2018-02-01,-0.73,228.16011938279067,0.44331072557340157
2018-03-01,-0.73,225.83708714266982,0.1748077953692914
2018-04-01,-0.36,222.6060728237478,-0.10644217976254168
2018-05-01,-0.12,217.93671662388573,-0.40007467711350264
2018-06-01,0.12,211.93424135136434,-0.7056834850548532
2018-07-01,0.27,204.48985535248923,-1.022821636700722
2018-08-01,0.05,195.3111488024557,-1.3510025351225605
2018-09-01,0.3,185.23248145008026,-1.689701269267525
2018-10-01,0.84,174.07535985564684,-2.0383561187439114
2018-11-01,1.0,161.17880211398207,-2.396370244621168
2018-12-01,0.97,146.74968801216636,-2.7631135623546252
2019-01-01,0.51,130.57309253318775,-3.137924791890771
2019-02-01,0.62,113.68260058351758,-3.520113678942847
2019-03-01,0.81,95.63060079417166,-3.9089633803543022
2019-04-01,0.67,76.05855622144472,-4.303733005395041
2019-05-01,0.61,55.43724975527418,-4.703660303768566
2019-06-01,0.66,33.86700203017846,-5.107964490053512
2019-07-01,0.41,11.017859625986961,-5.515849193267346
2019-08-01,0.19,-12.690248656833338,-5.926505519230025
2019-09-01,0.11,-37.04738965953536,-6.339115212428281
2019-10-01,0.55,-61.56354006918766,-6.752853903144214
2019-11-01,0.74,-86.88853915506186,-7.166894424722404
2019-12-01,0.51,-113.06208220915524,-7.580410185015242
2020-01-01,0.64,-139.16375683886133,-7.992578575274223
2020-02-01,0.48,-165.69312423096505,-8.402584399053111
2020-03-01,0.36,-192.1598474724345,-8.809623303064711
2020-04-01,0.49,-218.18386897507557,-9.212905191393926
2020-05-01,-0.12,-244.57563900819144,-9.611657604023307
2020-06-01,-0.21,-269.8863972961612,-10.005129040280542
2020-07-01,-0.04,-294.1785095865512,-10.392592207577188
2020-08-01,-0.42,-318.05586103925714,-10.773347175681407
2020-09-01,-0.66,-340.6143082285115,-11.146724416760687
2020-10-01,-1.19,-362.0621914876802,-11.512087711549546
2020-11-01,-1.01,-381.1709092619223,-11.868836902247706
2020-12-01,-0.98,-398.56555606632253,-12.21641047314119
2021-01-01,-1.04,-413.9456255773686,-12.554287940466729
2021-02-01,-0.94,-426.8157803139881,-12.881992033712582
2021-03-01,-0.72,-436.96668929113895,-13.199090651369485
2021-04-01,-0.55,-444.31593495454035,-13.505198575116516
2021-05-01,-0.41,-448.5889906299036,-13.799978927549548
2021-06-01,-0.06,-449.2902696443537,-14.083144359835384
2021-07-01,-0.2,-446.8642472020021,-14.354457957102339
2021-08-01,-0.38,-440.606656020212,-14.613733850956569
2021-09-01,-0.5,-430.16575665835893,-14.860837530240307
2021-10-01,-0.78,-415.51368339719113,-15.095685843019753
2021-11-01,-0.88,-396.06786645458646,-15.31824668480152
2021-12-01,-1.07,-371.8625312529295,-15.52853837012091
2022-01-01,-0.77,-342.0902753848074,-15.726628686915198
2022-02-01,-0.68,-307.2337238575507,-15.912633635481106
2022-03-01,-0.84,-267.1272631336067,-16.086715856306554
2022-04-01,-0.9,-221.22885442308782,-16.249082753650075
2022-05-01,-1.02,-169.5219266273095,-16.399984324402272
2022-06-01,-0.77,-111.41734927793004,-16.539710704485934
2022-07-01,-0.56,-47.185485765596084,-16.668589447816338
2022-08-01,-0.96,22.721672895078846,-16.786982555630512
2022-09-01,-1.06,99.30829356071581,-16.895283276780813
2022-10-01,-0.99,182.51240555059962,-16.99391270234914
2022-11-01,-0.76,272.3635242060808,-17.08331618064612
2022-12-01,-0.86,368.38019332156,-17.163959581284523
2023-01-01,-0.78,471.0474463787402,-17.236325439525725
2023-02-01,-0.62,580.204186540196,-17.30090901445699
2023-03-01,-0.13,696.0004853790817,-17.358214296727866
2023-04-01,0.24,817.8448003391239,-17.408750003514914
2023-05-01,0.47,945.5311109331187,-17.453025600052168
2023-06-01,0.95,1079.2159736991791,-17.491547388412616
2023-07-01,1.2,1218.1354959422094,-17.524814705204033
2023-08-01,1.56,1362.292228293786,-17.55331627039715
2023-09-01,1.65,1510.9119761270938,-17.577526729578832
2023-10-01,1.59,1663.6605298650945,-17.597903431457276
2023-11-01,2.01,1820.6503142200104,-17.614883481376445
2023-12-01,1.81,1980.1969564008184,-17.628881109855705
1981-01-01,-2010.0,130.65577332305543,-17.640285392686152
