,PC1,PC2
1950-01-16 11:59:00,6003.170208655179,-667.9734731218099
1950-02-16 11:59:00,5871.929908079546,-80.59386281162101
1950-03-16 11:59:00,5640.3122886116,-157.09146620253247
1950-04-16 11:59:00,5152.7974840367015,-597.14481321699
1950-05-16 11:59:00,4189.1484235008575,-999.6326244463634
1950-06-16 11:59:00,3746.242042532015,-2121.471752477772
1950-07-16 11:59:00,-936.6568844563901,-4986.480713017649
1950-08-16 11:59:00,340.48586717059067,-3791.6633510501065
1950-09-16 11:59:00,-548.0760200622088,-4146.310686568326
1950-10-16 11:59:00,84.93391651042924,-3370.1133501012023
1950-11-16 11:59:00,1337.8444264411073,-1629.5310298874624
1950-12-16 11:59:00,4778.993271616898,-761.5089980910835
1951-01-16 11:59:00,6003.162481184915,-667.8982583049823
1951-02-16 11:59:00,5871.965243042387,-80.66666140272565
1951-03-16 11:59:00,5640.383283833507,-157.08620778535794
1951-04-16 11:59:00,5152.840410623477,-597.0957526538753
1951-05-16 11:59:00,4189.148278286473,-999.5342486434255
1951-06-16 11:59:00,3746.200441566208,-2121.3928132215024
1951-07-16 11:59:00,-936.8426233677733,-4986.408659220441
1951-08-16 11:59:00,340.8300242040653,-3791.3505827209824
1951-09-16 11:59:00,-548.4930116574417,-4146.350584755645
1951-10-16 11:59:00,84.4846263112715,-3370.1171601789347
1951-11-16 11:59:00,1337.7228198478717,-1629.4143580027207
1951-12-16 11:59:00,4778.92096361133,-761.4312923439372
1952-01-16 11:59:00,6003.077050185499,-667.7832740258888
1952-02-16 11:59:00,5871.8206585583675,-80.76847496188071
1952-03-16 11:59:00,5640.253055206237,-157.09025830402877
1952-04-16 11:59:00,5152.685491825945,-597.1158359941364
1952-05-16 11:59:00,4189.0400852924795,-999.476861094205
1952-06-16 11:59:00,3746.14071039302,-2121.385333177892
1952-07-16 11:59:00,-936.7000814544585,-4986.45492558973
1952-08-16 11:59:00,340.68625773432905,-3791.5035823587305
1952-09-16 11:59:00,-547.9932730185011,-4146.238024738475
1952-10-16 11:59:00,85.06399967098804,-3369.9504971288907
1952-11-16 11:59:00,1337.6494167619983,-1629.4188674924658
1952-12-16 11:59:00,4778.944120924207,-761.4437298529606
1953-01-16 11:59:00,6154.263523211817,-703.5428705261631
1953-02-16 11:59:00,6274.439722469751,-142.26857717078383
1953-03-16 11:59:00,6226.405542800809,-184.0863405873077
1953-04-16 11:59:00,6363.290610428382,-723.3714677366792
1953-05-16 11:59:00,5278.968842355393,-1389.8991498670055
1953-06-16 11:59:00,4146.262172014986,-2704.3041132424005
1953-07-16 11:59:00,-1124.3543235483498,-5111.432161772612
1953-08-16 11:59:00,-456.7656109647377,-4641.003099045823
1953-09-16 11:59:00,-346.1793659409988,-4273.568797007231
1953-10-16 11:59:00,-728.5714455986865,-3682.438333979874
1953-11-16 11:59:00,1249.522269421826,-1602.1166488820136
1953-12-16 11:59:00,4848.957936180531,-768.0720135245365
1954-01-16 11:59:00,6452.0619123258975,-771.0463395573474
1954-02-16 11:59:00,6334.595830910515,-101.30883330631575
1954-03-16 11:59:00,6249.196270472411,-270.92890833993897
1954-04-16 11:59:00,6170.560928473826,-807.266052691249
1954-05-16 11:59:00,5228.016826094578,-1384.7129149219725
1954-06-16 11:59:00,3904.3813837663074,-2552.356140980475
1954-07-16 11:59:00,-604.0449808025558,-4930.674130639035
1954-08-16 11:59:00,-23.91356564026079,-4467.447359044001
1954-09-16 11:59:00,-364.3302490545876,-4204.874530615887
1954-10-16 11:59:00,-173.39499336359395,-3454.5427144708574
1954-11-16 11:59:00,1224.9104745681423,-1625.2384074572642
1954-12-16 11:59:00,4875.1022748895775,-767.3063339893688
1955-01-16 11:59:00,6393.805243481865,-750.3274462131908
1955-02-16 11:59:00,6258.311407405929,-116.37172702156974
1955-03-16 11:59:00,6033.120877724676,-196.3303647103665
1955-04-16 11:59:00,6240.077357252206,-761.7241975439593
1955-05-16 11:59:00,5273.83257426046,-1408.584056833002
1955-06-16 11:59:00,4153.894874351579,-2644.684273693387
1955-07-16 11:59:00,-658.304283882593,-4881.04151203423
1955-08-16 11:59:00,-568.6775159234951,-4862.663876845584
1955-09-16 11:59:00,-531.3219660616363,-4494.085026763263
1955-10-16 11:59:00,-922.4937958188641,-3863.1074261553968
1955-11-16 11:59:00,1309.1978449257667,-1575.537705382044
1955-12-16 11:59:00,4808.195971246721,-786.6211418749785
1956-01-16 11:59:00,6364.260031309665,-741.211571612059
1956-02-16 11:59:00,6118.659419633089,-95.2957931308361
1956-03-16 11:59:00,6047.761620976064,-229.42026546914235
1956-04-16 11:59:00,6292.889230887928,-767.3095722365533
1956-05-16 11:59:00,5364.263908516594,-1411.7852378777459
1956-06-16 11:59:00,4485.381176214876,-2628.8713958199514
1956-07-16 11:59:00,-1184.5284066033364,-5221.400371058869
1956-08-16 11:59:00,-466.5593070272576,-4843.140435976626
1956-09-16 11:59:00,-880.8307988562831,-4553.901989222114
1956-10-16 11:59:00,-769.1982228157631,-3877.4294777141354
1956-11-16 11:59:00,965.9399556280948,-1661.1582343461946
1956-12-16 11:59:00,5137.465086312178,-836.2918632717292
1957-01-16 11:59:00,6371.607098188147,-691.9735071832416
1957-02-16 11:59:00,5993.365268937503,10.747336694044193
1957-03-16 11:59:00,5918.841832692002,-128.2626020095287
1957-04-16 11:59:00,5935.714064738069,-663.2249340894829
1957-05-16 11:59:00,5170.007176085132,-1329.225091904512
1957-06-16 11:59:00,4060.492513987794,-2587.2624820106275
1957-07-16 11:59:00,-1740.0939630297908,-5665.502341184668
1957-08-16 11:59:00,-579.1237513395085,-4848.205682858215
1957-09-16 11:59:00,-739.737290432318,-4534.077988441468
1957-10-16 11:59:00,22.59080121946752,-3732.6077482059927
1957-11-16 11:59:00,1784.3352989127054,-2043.465397300244
1957-12-16 11:59:00,5508.586680616955,-1068.069525248558
1958-01-16 11:59:00,6778.734548709161,-839.2930050413802
1958-02-16 11:59:00,6550.343231083429,-143.6723384839345
1958-03-16 11:59:00,5853.548861906383,-189.11674321678157
1958-04-16 11:59:00,5797.108446819058,-655.3730493408085
1958-05-16 11:59:00,5164.755923738227,-1288.6689805454353
1958-06-16 11:59:00,4134.472316509933,-2490.9975549189844
1958-07-16 11:59:00,-1188.5623795517063,-5486.648666288265
1958-08-16 11:59:00,-649.3605613064242,-5055.643363654023
1958-09-16 11:59:00,-603.7797620225838,-4490.004196434696
1958-10-16 11:59:00,525.7454362878842,-3709.2239412135564
1958-11-16 11:59:00,1602.6118194621158,-2005.474501859569
1958-12-16 11:59:00,5696.146009688763,-1098.4705168179578
1959-01-16 11:59:00,6721.979406965962,-818.0393281223916
1959-02-16 11:59:00,6535.834335922781,-147.08143464822754
1959-03-16 11:59:00,6159.184158749836,-218.30825727091266
1959-04-16 11:59:00,6071.7554623044925,-772.827711227785
1959-05-16 11:59:00,5652.285030994948,-1354.226764085917
1959-06-16 11:59:00,4333.349266410827,-2606.0216478157317
1959-07-16 11:59:00,-1320.1734405714737,-5593.960311242296
1959-08-16 11:59:00,-590.4850853105261,-5121.147301899532
1959-09-16 11:59:00,-747.065928599694,-4562.006996411248
1959-10-16 11:59:00,170.62204427924894,-3759.2778129641165
1959-11-16 11:59:00,1787.1393689089957,-1880.5682302268203
1959-12-16 11:59:00,5316.495575404344,-996.8757485085598
1960-01-16 11:59:00,6394.054822476034,-755.1357401620827
1960-02-16 11:59:00,5987.539731559943,-43.97881646599569
1960-03-16 11:59:00,5722.4005551653345,-118.95053970290853
1960-04-16 11:59:00,5740.281910200333,-689.4172259929346
1960-05-16 11:59:00,5031.00911589397,-1326.2844981539442
1960-06-16 11:59:00,4107.283436664915,-2393.8459249416505
1960-07-16 11:59:00,-1860.6834055493891,-5643.518831750384
1960-08-16 11:59:00,-463.1946885106856,-4692.654396456065
1960-09-16 11:59:00,-534.840108592421,-4251.075724767378
1960-10-16 11:59:00,66.1315886403666,-3150.8393671274575
1960-11-16 11:59:00,1446.8504256510764,-1557.9608644381017
1960-12-16 11:59:00,4943.939419195969,-830.3128635314052
1961-01-16 11:59:00,6058.875616170021,-624.5514896641209
1961-02-16 11:59:00,6008.844311878476,-66.86919871626847
1961-03-16 11:59:00,6014.180819455474,-211.0748833576186
1961-04-16 11:59:00,6075.246110855325,-743.19187195323
1961-05-16 11:59:00,4913.174649084035,-1317.3924113410317
1961-06-16 11:59:00,4064.9885872839805,-2335.8565134651494
1961-07-16 11:59:00,-814.6075063119563,-5073.295565600828
1961-08-16 11:59:00,-185.7968987396874,-4619.128472881823
1961-09-16 11:59:00,-564.197791469052,-4310.672875441932
1961-10-16 11:59:00,-280.44409655550635,-3678.389577821573
1961-11-16 11:59:00,1201.5654651960133,-1764.7769752149131
1961-12-16 11:59:00,4843.565723411164,-860.8455402467341
1962-01-16 11:59:00,6026.483984717103,-640.3478613047596
1962-02-16 11:59:00,5544.398658370123,27.458542051495286
1962-03-16 11:59:00,5794.664088874997,-152.99867600558704
1962-04-16 11:59:00,5670.66769083544,-647.7968054671094
1962-05-16 11:59:00,5262.337988677004,-1332.8921090885162
1962-06-16 11:59:00,4340.00830186527,-2314.4872547118825
1962-07-16 11:59:00,89.766072739155,-4491.565227941638
1962-08-16 11:59:00,-37.720807866606435,-4476.755258752071
1962-09-16 11:59:00,-579.7072791563854,-4322.900421979749
1962-10-16 11:59:00,247.9323379359213,-3858.3077630740836
1962-11-16 11:59:00,1827.06323087004,-1769.7923738950835
1962-12-16 11:59:00,5268.867584394974,-908.4785705993957
1963-01-16 11:59:00,6452.92008578982,-772.462086634843
1963-02-16 11:59:00,6038.862682179967,-96.45287399118972
1963-03-16 11:59:00,6127.992505934476,-214.61939130961733
1963-04-16 11:59:00,6241.663243742369,-729.5657297052074
1963-05-16 11:59:00,5274.2137941662695,-1357.0772278901716
1963-06-16 11:59:00,4030.878690596059,-2708.6029632595305
1963-07-16 11:59:00,-751.5252555420324,-5380.608565813178
1963-08-16 11:59:00,-126.46728586721093,-4769.241905958081
1963-09-16 11:59:00,-397.99889898545666,-4374.332434500378
1963-10-16 11:59:00,76.3579413553832,-3823.7175170188857
1963-11-16 11:59:00,1462.3196028604862,-1746.27088030775
1963-12-16 11:59:00,5239.561013536084,-935.788649623551
1964-01-16 11:59:00,6297.419096323223,-741.3803056206918
1964-02-16 11:59:00,5779.067809756256,-53.72156948188363
1964-03-16 11:59:00,5565.9816063613325,-141.41774073131555
1964-04-16 11:59:00,5251.729417782421,-556.8620671612528
1964-05-16 11:59:00,4498.669581903584,-1253.779156271994
1964-06-16 11:59:00,4056.1902580837886,-2720.1782496718874
1964-07-16 11:59:00,-1523.0379513365847,-5599.447469456777
1964-08-16 11:59:00,-684.399111694672,-5067.12988773858
1964-09-16 11:59:00,-655.4098213498407,-4437.5402766337
1964-10-16 11:59:00,238.34605916280208,-3495.0243652059225
1964-11-16 11:59:00,1252.8696617667042,-1680.068239913674
1964-12-16 11:59:00,4905.03122765062,-827.6199001455869
1965-01-16 11:59:00,6094.3205073411345,-669.9827573224871
1965-02-16 11:59:00,6095.992678658332,-118.3230783132037
1965-03-16 11:59:00,6015.777950655804,-238.0176576208796
1965-04-16 11:59:00,5785.048930324292,-739.7221098625073
1965-05-16 11:59:00,5240.02234207787,-1404.3309239658756
1965-06-16 11:59:00,4347.440635415475,-2865.7348870694846
1965-07-16 11:59:00,-1720.6037729224383,-5751.791901081892
1965-08-16 11:59:00,-591.8511582901874,-5011.4828360308775
1965-09-16 11:59:00,-1037.0234837433152,-4675.67255049771
1965-10-16 11:59:00,-1256.0162897769846,-4263.235722536793
1965-11-16 11:59:00,1514.0805259442109,-1953.5216955704407
1965-12-16 11:59:00,4883.001596805166,-1137.3110440702278
1966-01-16 11:59:00,6683.145848811223,-797.1474627113041
1966-02-16 11:59:00,6369.627784455468,-141.8909317702503
1966-03-16 11:59:00,6203.751875729127,-251.07649353822882
1966-04-16 11:59:00,6242.660813982491,-790.9353673188497
1966-05-16 11:59:00,5296.086109516488,-1373.3606548913253
1966-06-16 11:59:00,4125.652552731306,-2677.081770032405
1966-07-16 11:59:00,-2120.98254948232,-5810.5088276094775
1966-08-16 11:59:00,-810.6384432571955,-5108.122061760463
1966-09-16 11:59:00,-900.0117823430741,-4653.2683719118995
1966-10-16 11:59:00,-155.883460132447,-3790.5497526462477
1966-11-16 11:59:00,1825.3205787729169,-1981.1666830534082
1966-12-16 11:59:00,5180.242140536525,-1103.9861420263771
1967-01-16 11:59:00,6904.536335898545,-836.5956771349743
1967-02-16 11:59:00,6418.409926573971,-190.13417338665036
1967-03-16 11:59:00,5807.017517531249,-180.36628286731107
1967-04-16 11:59:00,5290.12797131584,-547.0244982844712
1967-05-16 11:59:00,4555.944382645253,-1231.8477289831078
1967-06-16 11:59:00,3844.638842503432,-2433.755892917336
1967-07-16 11:59:00,-1434.6072526088496,-5542.879587090298
1967-08-16 11:59:00,-865.2029675698794,-5033.2441100918995
1967-09-16 11:59:00,-991.654070805737,-4625.635956934128
1967-10-16 11:59:00,-859.4066545590048,-4301.838755490039
1967-11-16 11:59:00,1647.0970266484283,-2020.2255021138546
1967-12-16 11:59:00,5564.995304331606,-1144.1238279360978
1968-01-16 11:59:00,6862.679383587887,-850.9308286784849
1968-02-16 11:59:00,6299.169904585049,-169.64867741868665
1968-03-16 11:59:00,6051.086185491342,-222.468084133726
1968-04-16 11:59:00,5883.806454952963,-636.2514779075997
1968-05-16 11:59:00,5000.618166090995,-1155.1950380709625
1968-06-16 11:59:00,4807.22651403301,-2166.6311352731095
1968-07-16 11:59:00,739.1941232433754,-4624.637126342837
1968-08-16 11:59:00,1187.003099567602,-4315.326077484219
1968-09-16 11:59:00,-323.73865113960284,-4293.576500134325
1968-10-16 11:59:00,646.9846319046108,-3560.66997738551
1968-11-16 11:59:00,2349.758250011478,-2120.887473122741
1968-12-16 11:59:00,5872.81225313313,-1093.490368449299
1969-01-16 11:59:00,6912.864441752978,-851.6481624607685
1969-02-16 11:59:00,6497.775414380316,-185.41916796212513
1969-03-16 11:59:00,6032.133212023418,-7.297735305971779
1969-04-16 11:59:00,5921.672844649665,-486.94611835723833
1969-05-16 11:59:00,4996.71431569708,-1105.0153455469533
1969-06-16 11:59:00,4391.109799279416,-2425.359368857446
1969-07-16 11:59:00,-117.14591287918253,-4773.832591568006
1969-08-16 11:59:00,391.8209596447628,-4372.575436078138
1969-09-16 11:59:00,-9.218684282912383,-4218.302958072115
1969-10-16 11:59:00,265.7642083106425,-3582.280383457081
1969-11-16 11:59:00,1460.5757339267243,-1894.7875050195055
1969-12-16 11:59:00,5486.666139131851,-960.008916471182
1970-01-16 11:59:00,6764.16318163029,-843.2406128317118
1970-02-16 11:59:00,5823.185930998996,-66.28065345235818
1970-03-16 11:59:00,5458.393252905385,-2.6198985485470456
1970-04-16 11:59:00,5332.742110648348,-418.2841279601938
1970-05-16 11:59:00,4681.89321336178,-1032.63493363809
1970-06-16 11:59:00,3954.3483154626833,-2423.5281883471366
1970-07-16 11:59:00,-381.1009095871719,-4973.013707992061
1970-08-16 11:59:00,350.6427959707403,-4556.340734593435
1970-09-16 11:59:00,-714.8913761046011,-4485.588036896992
1970-10-16 11:59:00,-717.33965837748,-4175.312325785508
1970-11-16 11:59:00,1561.8730446181974,-1911.615405594493
1970-12-16 11:59:00,5118.950242390319,-1210.63011330465
1971-01-16 11:59:00,6576.737853852513,-795.2299821777024
1971-02-16 11:59:00,5423.961588994446,55.99804644925875
1971-03-16 11:59:00,5263.176896198212,52.25209015976912
1971-04-16 11:59:00,5424.736528421261,-493.49563380070765
1971-05-16 11:59:00,4108.720352713883,-1037.8319588493516
1971-06-16 11:59:00,3960.5864919562896,-2190.9297353944794
1971-07-16 11:59:00,-658.5116123314846,-4940.9849688069535
1971-08-16 11:59:00,383.27515915185745,-4115.824834668788
1971-09-16 11:59:00,-429.5405229647398,-4243.413315362145
1971-10-16 11:59:00,940.3844572830692,-3267.326065989099
1971-11-16 11:59:00,1531.4308689071875,-1897.9330511765704
1971-12-16 11:59:00,5740.1621608973965,-1099.2226309286546
1972-01-16 11:59:00,6909.6989509575305,-769.0818318766974
1972-02-16 11:59:00,6303.958579966258,-160.70023321110898
1972-03-16 11:59:00,5659.190765149543,-160.27295570305316
1972-04-16 11:59:00,5119.017730368456,-571.5502490444919
1972-05-16 11:59:00,4474.862976769275,-1097.5741045314312
1972-06-16 11:59:00,3819.15358350407,-2227.0143793602174
1972-07-16 11:59:00,-1283.8023448811641,-5081.812161799114
1972-08-16 11:59:00,963.265656523023,-3546.209649702269
1972-09-16 11:59:00,-274.8924064260023,-3999.2612827919443
1972-10-16 11:59:00,297.2909388624273,-2853.212600994092
1972-11-16 11:59:00,1254.3399999673272,-1618.391068203107
1972-12-16 11:59:00,4275.721586175586,-778.9465374627387
1973-01-16 11:59:00,5326.066702316677,649.2836829695779
1973-02-16 11:59:00,5643.6314153963785,794.3091728186092
1973-03-16 11:59:00,5592.5806525093585,516.1230863599869
1973-04-16 11:59:00,5080.8250043826865,660.8135162163709
1973-05-16 11:59:00,4125.5985007232575,490.306159174313
1973-06-16 11:59:00,4003.41690174772,-932.1782770705047
1973-07-16 11:59:00,-586.2649621514247,-4647.58575527161
1973-08-16 11:59:00,918.9103369567589,-3859.298884507296
1973-09-16 11:59:00,-322.1529070798645,-4188.643575026678
1973-10-16 11:59:00,-69.77876098873543,-3385.3586820793394
1973-11-16 11:59:00,4278.725940439191,-633.0722405286832
1973-12-16 11:59:00,5544.934259126441,152.1935860479411
1974-01-16 11:59:00,6069.864327021059,1642.0150229686228
1974-02-16 11:59:00,6500.724769142106,1789.8880493731249
1974-03-16 11:59:00,4761.053388522422,322.971462063904
1974-04-16 11:59:00,4845.68796028251,490.1740092969148
1974-05-16 11:59:00,4129.93449434389,314.73768940516106
1974-06-16 11:59:00,3896.503872252457,-1364.318988186349
1974-07-16 11:59:00,-250.71632793894446,-4408.351875080144
1974-08-16 11:59:00,237.97338753150564,-4179.561329882189
1974-09-16 11:59:00,-439.15530087688046,-4298.199455891351
1974-10-16 11:59:00,-207.565136357355,-3718.3584879619184
1974-11-16 11:59:00,1457.0695679089042,-1517.978621540523
1974-12-16 11:59:00,4576.5071144806225,-90.95227996703998
1975-01-16 11:59:00,5165.101901419171,599.382338300146
1975-02-16 11:59:00,5208.406181443855,542.9151750059856
1975-03-16 11:59:00,5089.97999090232,162.72435120115955
1975-04-16 11:59:00,4807.607962651945,97.30617018716798
1975-05-16 11:59:00,4298.045796450927,168.7350068381916
1975-06-16 11:59:00,3788.6052458005797,-1654.500236129227
1975-07-16 11:59:00,552.6316045465032,-3642.458852652387
1975-08-16 11:59:00,1056.7398893025584,-3268.5223674950894
1975-09-16 11:59:00,-85.88734326747665,-3823.6515466942005
1975-10-16 11:59:00,-401.82419360781387,-3472.5117708411713
1975-11-16 11:59:00,1350.1049967841984,-1160.9187012595494
1975-12-16 11:59:00,4212.258533923994,186.7975813207726
1976-01-16 11:59:00,4741.058789856133,635.8267818654505
1976-02-16 11:59:00,5181.003602690792,951.7853745893757
1976-03-16 11:59:00,4655.82907336453,693.5350800277046
1976-04-16 11:59:00,4705.586723066438,166.70946887949407
1976-05-16 11:59:00,4123.354911563057,-529.5270503321248
1976-06-16 11:59:00,3763.4975642249155,-1927.7210699594732
1976-07-16 11:59:00,-1316.3781091758447,-5132.467588388355
1976-08-16 11:59:00,-359.88610838654506,-4421.285261286268
1976-09-16 11:59:00,-613.5480096765365,-4287.641632094198
1976-10-16 11:59:00,56.26652736424416,-3511.0377643497773
1976-11-16 11:59:00,1503.7638111234949,-1644.6036927281698
1976-12-16 11:59:00,5083.630416834948,-367.031252915485
1977-01-16 11:59:00,5186.885243743006,354.63016046657816
1977-02-16 11:59:00,5337.155107508071,595.8074024221117
1977-03-16 11:59:00,5385.445059920315,593.6852591604891
1977-04-16 11:59:00,5071.166221246722,8.49562044750277
1977-05-16 11:59:00,4308.036961719424,-786.8481517107859
1977-06-16 11:59:00,4069.169585337896,-1890.280031576611
1977-07-16 11:59:00,-287.87254961520165,-4727.572400358751
1977-08-16 11:59:00,173.72047317068763,-4308.270728834168
1977-09-16 11:59:00,-474.9845842260721,-4277.674722104364
1977-10-16 11:59:00,459.6738848299984,-3180.336464229588
1977-11-16 11:59:00,1085.56603566395,-1257.446911121883
1977-12-16 11:59:00,4460.891663159655,-42.37930752943714
1978-01-16 11:59:00,5534.918183844391,371.70682579465705
1978-02-16 11:59:00,5513.154784003793,362.114789412825
1978-03-16 11:59:00,5423.527401721019,263.48083039520264
1978-04-16 11:59:00,4931.639385364974,389.80285956594776
1978-05-16 11:59:00,3914.973346268118,727.5126778874356
1978-06-16 11:59:00,3817.935548383008,-1878.403459192366
1978-07-16 11:59:00,-988.6613340906708,-5072.644137888574
1978-08-16 11:59:00,-150.05510846110613,-4278.934436620592
1978-09-16 11:59:00,-754.9507731347792,-4391.09896831732
1978-10-16 11:59:00,118.18031437480268,-3045.6692357181696
1978-11-16 11:59:00,3454.5214913788636,3103.615285395388
1978-12-16 11:59:00,3088.5278709065437,2185.3382219586415
1979-01-16 11:59:00,3207.605818578261,2828.7366988018316
1979-02-16 11:59:00,3278.5079110026077,1976.5840641596978
1979-03-16 11:59:00,3955.6635159236594,2072.5415276195063
1979-04-16 11:59:00,1051.781681551476,1285.8541680753806
1979-05-16 11:59:00,-3008.4883197110507,-39.97370533528278
1979-06-16 11:59:00,-1191.8956186799637,4619.319286309948
1979-07-16 11:59:00,-1630.192216570163,6741.60071604109
1979-08-16 11:59:00,307.57471716580477,-28.197588076465113
1979-09-16 11:59:00,533.4625859168511,6460.766741085985
1979-10-16 11:59:00,439.3693737641939,3231.134290262437
1979-11-16 11:59:00,2979.6928501792654,4284.401206260579
1979-12-16 11:59:00,17.671791734505277,3847.0822028208377
1980-01-16 11:59:00,2340.827709133412,1912.5068788598462
1980-02-16 11:59:00,2579.427366803316,1673.5109977445366
1980-03-16 11:59:00,741.7678766398727,1181.5679808785908
1980-04-16 11:59:00,-1266.1325968177678,-1016.5053265351028
1980-05-16 11:59:00,-3889.9790544296416,-2197.9696420139
1980-06-16 11:59:00,2092.88878523723,2568.9520563088663
1980-07-16 11:59:00,1342.6138994053656,3089.3612491394842
1980-08-16 11:59:00,1258.9840732313241,1379.3109734978814
1980-09-16 11:59:00,917.8739290398986,4055.9109323811617
1980-10-16 11:59:00,600.1642026898945,6725.105540889033
1980-11-16 11:59:00,2491.467676379246,1940.2549082200062
1980-12-16 11:59:00,3664.941936222923,1935.8236517569999
1981-01-16 11:59:00,2655.71035339785,1405.8175575315406
1981-02-16 11:59:00,3784.8223505211563,1024.7082811443906
1981-03-16 11:59:00,2918.575706658506,1116.858900573955
1981-04-16 11:59:00,388.4053429811931,-10.79188403108505
1981-05-16 11:59:00,-1.1331945206577743,230.97517096918975
1981-06-16 11:59:00,579.7964352252268,2032.0845029718287
1981-07-16 11:59:00,1127.6410455241162,3615.9882754489363
1981-08-16 11:59:00,-9.575310402643975,5890.612552153611
1981-09-16 11:59:00,373.031500017129,4944.191750833597
1981-10-16 11:59:00,7.4468235074815246,7431.254083184896
1981-11-16 11:59:00,2433.78980168878,1729.4249783948567
1981-12-16 11:59:00,2396.00362259124,512.3229597564635
1982-01-16 11:59:00,3409.328310527368,374.3226267096181
1982-02-16 11:59:00,1794.9139360673973,60.04922929264498
1982-03-16 11:59:00,150.14005813361592,227.49066369961616
1982-04-16 11:59:00,-1393.9919248600506,1091.6338124198944
1982-05-16 11:59:00,-5877.361497654957,-438.1737579414533
1982-06-16 11:59:00,-8079.1419538024265,-1294.1315377733765
1982-07-16 11:59:00,769.3128972219396,2997.395634449887
1982-08-16 11:59:00,82.42289616316364,4912.201816530663
1982-09-16 11:59:00,1157.810507387029,2660.166219269397
1982-10-16 11:59:00,964.2714908279149,4271.481355087631
1982-11-16 11:59:00,995.1940225520023,2671.4871948079935
1982-12-16 11:59:00,2431.212933112099,1528.2011220538188
1983-01-16 11:59:00,2275.544915455805,3249.932834207648
1983-02-16 11:59:00,2472.613509193455,2139.973250487253
1983-03-16 11:59:00,2119.3672916882674,2002.6081100821013
1983-04-16 11:59:00,1804.8086415271662,2746.2203209164186
1983-05-16 11:59:00,-1831.8421149914182,1891.694971216957
1983-06-16 11:59:00,458.9794088257833,1168.9379986432239
1983-07-16 11:59:00,626.7689954201262,4520.05138545975
1983-08-16 11:59:00,-222.3750277640282,4169.392089645123
1983-09-16 11:59:00,480.5980720746357,5235.617290145429
1983-10-16 11:59:00,621.1833617513164,3558.653536470318
1983-11-16 11:59:00,-1397.038702149423,1381.117142947235
1983-12-16 11:59:00,1367.654820184303,1581.8521268881443
1984-01-16 11:59:00,363.4650646493547,859.0710578368183
1984-02-16 11:59:00,3520.5865807637992,2095.5397979759714
1984-03-16 11:59:00,1293.0295161389759,1680.4131291713368
1984-04-16 11:59:00,928.1769949162913,1277.8735241832217
1984-05-16 11:59:00,-3230.8820293004196,666.5447749882368
1984-06-16 11:59:00,-5731.349788349739,4055.7337385929422
1984-07-16 11:59:00,940.3405129598896,5966.899550280491
1984-08-16 11:59:00,865.3264994764565,3975.13871771373
1984-09-16 11:59:00,948.3874506897953,4287.456850104713
1984-10-16 11:59:00,383.2282346616992,5126.085524795987
1984-11-16 11:59:00,3174.3325758077167,3998.6806744106693
1984-12-16 11:59:00,2602.958663515974,2284.939764885545
1985-01-16 11:59:00,2533.5159729590478,2402.761383985599
1985-02-16 11:59:00,-334.5483625121957,999.8094124483101
1985-03-16 11:59:00,1870.921677405718,1366.9069625774039
1985-04-16 11:59:00,-175.44411226670576,2273.104264006127
1985-05-16 11:59:00,-5657.377572475933,-737.4809691923008
1985-06-16 11:59:00,-2824.9483513303717,2605.8087023210996
1985-07-16 11:59:00,1547.0807535192328,2023.4575671705863
1985-08-16 11:59:00,895.6033685242519,4715.644861429829
1985-09-16 11:59:00,1466.9157335985683,1208.53276652289
1985-10-16 11:59:00,934.0249765747603,6032.662894851508
1985-11-16 11:59:00,1881.8142930516376,6019.645038466432
1985-12-16 11:59:00,3504.3933932078953,817.0757900742587
1986-01-16 11:59:00,574.563161235511,956.5091511704828
1986-02-16 11:59:00,1806.151396287246,735.0016877708632
1986-03-16 11:59:00,4796.433155517181,1676.9075341349624
1986-04-16 11:59:00,5170.721618024074,2428.8466372078797
1986-05-16 11:59:00,-3938.552377584806,1447.3391646740915
1986-06-16 11:59:00,-2783.118835161201,-981.9769012028796
1986-07-16 11:59:00,1441.84711395431,883.502155260796
1986-08-16 11:59:00,-740.8991358025883,3725.705606694443
1986-09-16 11:59:00,1091.3312867544298,3024.6368819417544
1986-10-16 11:59:00,138.27007392283735,7967.325705906841
1986-11-16 11:59:00,3441.009903183765,2654.1532481534255
1986-12-16 11:59:00,2745.894808613956,1948.86452199281
1987-01-16 11:59:00,3034.952718615395,1273.1390298339816
1987-02-16 11:59:00,1178.5680292319657,416.7032695616433
1987-03-16 11:59:00,2151.5884057314574,1060.683406747713
1987-04-16 11:59:00,1426.8014927555294,1751.576986013069
1987-05-16 11:59:00,-1995.3141036660666,2417.6440549564572
1987-06-16 11:59:00,-7099.174875327303,1173.7336067438268
1987-07-16 11:59:00,845.8128062084244,4153.599175971536
1987-08-16 11:59:00,-471.3815905537059,2355.293146129833
1987-09-16 11:59:00,158.9451256280814,1933.0111459328718
1987-10-16 11:59:00,-3579.402854859254,6257.665552017647
1987-11-16 11:59:00,-8388.954370999412,-2725.9214735795704
1987-12-16 11:59:00,-10173.122309417267,-3088.4633375078
1988-01-16 11:59:00,-9681.483335064097,-2746.904449656281
1988-02-16 11:59:00,-9776.944115467184,-2006.772216445568
1988-03-16 11:59:00,-10512.25792135355,-1765.4966145899868
1988-04-16 11:59:00,-9945.006664442093,-2491.1003013301706
1988-05-16 11:59:00,-6818.999181513729,-2289.2585523268494
1988-06-16 11:59:00,-9386.571348528289,2009.487742718561
1988-07-16 11:59:00,88.60266247264086,6214.671762217057
1988-08-16 11:59:00,-1423.1688095953493,2744.3484001696174
1988-09-16 11:59:00,447.4800243772003,4743.499455088138
1988-10-16 11:59:00,-547.0369869734856,7526.313460942516
1988-11-16 11:59:00,-10760.060562598423,546.9322213754692
1988-12-16 11:59:00,-10018.65258008421,-1191.5853164904292
1989-01-16 11:59:00,-11678.78679632655,-1252.7266038517887
1989-02-16 11:59:00,-7222.547196894017,-1055.0630247545926
1989-03-16 11:59:00,-4827.255496478333,-1480.2884526865626
1989-04-16 11:59:00,-4385.263180430025,-1454.9881832825363
1989-05-16 11:59:00,-9606.039908277984,-3472.4377886670013
1989-06-16 11:59:00,-5539.249771388293,522.5611036316354
1989-07-16 11:59:00,-268.0305831641649,1026.768212086325
1989-08-16 11:59:00,-1443.0645505064886,6705.353070813121
1989-09-16 11:59:00,264.22412097910615,6365.846112954509
1989-10-16 11:59:00,125.67371549950683,2771.0652451384676
1989-11-16 11:59:00,-261.53016121708157,1132.7476314272192
1989-12-16 11:59:00,-5117.630388805147,2453.879036730521
1990-01-16 11:59:00,-6787.793182284116,1221.5802415400394
1990-02-16 11:59:00,-4717.6975801836625,1525.1432300923555
1990-03-16 11:59:00,-3954.4464815207507,1401.048174763948
1990-04-16 11:59:00,-392.08217929741625,2341.8189624017846
1990-05-16 11:59:00,-904.1724450255472,2140.0080718436875
1990-06-16 11:59:00,-5220.871964528659,2205.521336954947
1990-07-16 11:59:00,469.8972395763711,1986.2711770479293
1990-08-16 11:59:00,-1961.749687542398,380.4957573170282
1990-09-16 11:59:00,-201.8541373965509,4333.441196967544
1990-10-16 11:59:00,-1631.4316128992918,6746.722858015542
1990-11-16 11:59:00,-6202.452928812081,1975.434195867994
1990-12-16 11:59:00,-11778.707060293566,415.80879958473673
1991-01-16 11:59:00,-10128.792342996852,915.6037289188699
1991-02-16 11:59:00,-6162.588250924866,1802.9784473163497
1991-03-16 11:59:00,-7603.365682794096,2734.760681884287
1991-04-16 11:59:00,-6375.584908563542,2876.661437920944
1991-05-16 11:59:00,-5270.361390399461,2287.359451089139
1991-06-16 11:59:00,-5919.337780121196,2082.260869557143
1991-07-16 11:59:00,380.4506390780231,5317.9291815554625
1991-08-16 11:59:00,-153.17291202959586,5899.266817570958
1991-09-16 11:59:00,1290.5272385295928,2684.8825090580935
1991-10-16 11:59:00,-66.0482995078328,6451.093693303402
1991-11-16 11:59:00,-431.9585971071641,1278.8522541885313
1991-12-16 11:59:00,-5830.924793402414,2845.533627241275
1992-01-16 11:59:00,-8238.585949084618,-522.0205342562372
1992-02-16 11:59:00,-9699.762935418667,-2461.94290960317
1992-03-16 11:59:00,-10994.1169463183,125.25431596829857
1992-04-16 11:59:00,-9043.833704477804,217.7342647533679
1992-05-16 11:59:00,-6452.596406983675,1024.360089722431
1992-06-16 11:59:00,-3610.5894700972717,3942.203604983831
1992-07-16 11:59:00,358.92800238801715,5577.146959134558
1992-08-16 11:59:00,-1070.1920795843005,6511.204230637892
1992-09-16 11:59:00,617.332034838835,1382.52364515718
1992-10-16 11:59:00,-823.8692090225136,2618.292341197799
1992-11-16 11:59:00,-1673.158533519314,-1150.212449284135
1992-12-16 11:59:00,-6139.035607784859,-1928.1044933845442
1993-01-16 11:59:00,-6097.9555469275965,-2534.592293294036
1993-02-16 11:59:00,-7920.988792021243,-2706.438644432537
1993-03-16 11:59:00,-5754.052233308704,-1530.626734988237
1993-04-16 11:59:00,-6535.263586395961,-1001.406772095826
1993-05-16 11:59:00,-5872.689597509096,-739.4892799388114
1993-06-16 11:59:00,-2559.4251605169957,1887.8160738492686
1993-07-16 11:59:00,872.2090665515765,6142.918863690758
1993-08-16 11:59:00,1130.2951803352366,1981.277552019018
1993-09-16 11:59:00,50.957901831070615,5112.382188392608
1993-10-16 11:59:00,-2226.5369592572206,3231.5646550611186
1993-11-16 11:59:00,-2308.3708719017463,-742.8301043322944
1993-12-16 11:59:00,-5913.193750552228,-1644.1901311218753
1994-01-16 11:59:00,-5084.104290043124,-338.35541918708526
1994-02-16 11:59:00,-7057.27734879814,-639.6108850133498
1994-03-16 11:59:00,-7137.555936223773,-69.43515283510965
1994-04-16 11:59:00,-9829.711811357276,468.6629310397034
1994-05-16 11:59:00,-7451.2268256472225,-160.12902826305
1994-06-16 11:59:00,-3264.376540355946,6581.514173201243
1994-07-16 11:59:00,-4.116891693636847,7866.941348406131
1994-08-16 11:59:00,173.2950100166528,5405.73418442183
1994-09-16 11:59:00,278.1324853909237,1009.2528393573035
1994-10-16 11:59:00,-3133.2341248076623,5116.126156546922
1994-11-16 11:59:00,-6167.22155988554,3663.7600262107712
1994-12-16 11:59:00,-10473.975786474586,1210.9549867200499
1995-01-16 11:59:00,-8899.923348903536,-1183.2520302914809
1995-02-16 11:59:00,-8393.69480920411,-2969.15239424479
1995-03-16 11:59:00,-9434.980678185282,-2429.4747098262033
1995-04-16 11:59:00,-9325.225348732494,-104.9973378929437
1995-05-16 11:59:00,-3370.008689304306,2603.5766586850677
1995-06-16 11:59:00,-4003.218735735806,-1696.618866585848
1995-07-16 11:59:00,216.31613113776092,6523.924481002634
1995-08-16 11:59:00,-502.5870095693241,5897.291187077002
1995-09-16 11:59:00,-619.1548190829477,3729.3883145192367
1995-10-16 11:59:00,1251.7410288435613,181.46904541448677
1995-11-16 11:59:00,-453.18342781167746,3806.686492105924
1995-12-16 11:59:00,-2250.1240410397086,771.2639273197952
1996-01-16 11:59:00,-3439.93234016272,-413.1960829925323
1996-02-16 11:59:00,-2824.557039515752,-343.7793412781367
1996-03-16 11:59:00,-2553.700435812653,-449.25504970919354
1996-04-16 11:59:00,-6231.497514299409,-201.38827526853396
1996-05-16 11:59:00,-981.9944656049656,3902.53534477578
1996-06-16 11:59:00,-1258.2058324627842,3893.427114773544
1996-07-16 11:59:00,-2222.9720779596537,4974.298164235469
1996-08-16 11:59:00,-443.7637612096096,-835.532241078092
1996-09-16 11:59:00,-267.84860900265517,5185.507591092168
1996-10-16 11:59:00,-983.1490244845731,2333.4468681675703
1996-11-16 11:59:00,-512.7823119843481,717.0292739988032
1996-12-16 11:59:00,-5224.126978833862,-149.2752604166968
1997-01-16 11:59:00,-4334.597921645992,882.6731870467001
1997-02-16 11:59:00,-8609.985619242476,-295.2151953411749
1997-03-16 11:59:00,-5813.557205383644,-529.5106869037704
1997-04-16 11:59:00,-3528.1703422079454,-31.206959531502797
1997-05-16 11:59:00,-8304.025632363113,-3059.155382256632
1997-06-16 11:59:00,-3595.1656445498843,-325.3135651915991
1997-07-16 11:59:00,166.35255799506828,2934.943933799297
1997-08-16 11:59:00,-899.5552903674744,4176.015763325229
1997-09-16 11:59:00,34.25756808762595,849.2976236247206
1997-10-16 11:59:00,34.16292163120245,1653.5997104202195
1997-11-16 11:59:00,-1178.9996000734793,122.28365043025308
1997-12-16 11:59:00,-6755.305593831086,1392.6488383913936
1998-01-16 11:59:00,-8201.72206406763,195.0980179534738
1998-02-16 11:59:00,-7228.1789653057185,-2090.2976192284923
1998-03-16 11:59:00,-7790.597868774745,-2014.229408737045
1998-04-16 11:59:00,-7143.500116052382,-2564.6036965614544
1998-05-16 11:59:00,-3131.7488667073844,-2122.5315060090165
1998-06-16 11:59:00,-1500.5682821801597,-2669.4652454001894
1998-07-16 11:59:00,1706.6946626185586,-595.1512372821112
1998-08-16 11:59:00,558.9186796349128,-106.82393347342898
1998-09-16 11:59:00,359.9463767118379,1203.20944744734
1998-10-16 11:59:00,707.1552753528414,1049.9029483733664
1998-11-16 11:59:00,67.14472255457683,-632.004324635442
1998-12-16 11:59:00,-3366.621489231087,-803.540997580193
1999-01-16 11:59:00,-5621.105601236586,-1157.0040215427189
1999-02-16 11:59:00,-6597.4818243311265,-1731.8030734874108
1999-03-16 11:59:00,-8616.887051064752,-2772.5939629042846
1999-04-16 11:59:00,-8228.163685566904,-2187.5915224775695
1999-05-16 11:59:00,-6599.721213489621,-2033.4950735213981
1999-06-16 11:59:00,-3603.3522052855815,-2000.0339984977393
1999-07-16 11:59:00,783.3889678720393,582.4403441909086
1999-08-16 11:59:00,726.7222442237936,-693.3101721643853
1999-09-16 11:59:00,553.5496943679304,969.4557788260239
1999-10-16 11:59:00,233.2253870877679,-1334.183820636911
1999-11-16 11:59:00,-5265.840012502634,-2264.8034919945258
1999-12-16 11:59:00,-9740.720520866118,-3841.383524395717
2000-01-16 11:59:00,-8243.259796604067,-2154.356854391304
2000-02-16 11:59:00,-9970.34273007618,-2552.5623910899967
2000-03-16 11:59:00,-8582.495293593342,-2292.6842748811428
2000-04-16 11:59:00,-6499.526109694616,-1446.9500915733402
2000-05-16 11:59:00,-6344.158949533174,-975.0550804042157
2000-06-16 11:59:00,-1237.7150729628465,795.5446386091427
2000-07-16 11:59:00,505.87248740153746,3004.5184645148984
2000-08-16 11:59:00,126.29307427419305,2594.3366869309452
2000-09-16 11:59:00,329.70503878658485,3085.0109856786457
2000-10-16 11:59:00,-541.0915551674802,2050.628955895226
2000-11-16 11:59:00,-1891.096719479659,317.6075929682042
2000-12-16 11:59:00,-8445.369639679524,-1554.0997967770554
2001-01-16 11:59:00,-10914.240854811807,-1352.3379629550923
2001-02-16 11:59:00,-8943.985344760193,-394.5109365105886
2001-03-16 11:59:00,-7006.148728335513,-1238.846054064102
2001-04-16 11:59:00,-8650.868304143052,-1427.090906775812
2001-05-16 11:59:00,-8539.852986496398,-2875.4272453720273
2001-06-16 11:59:00,-2725.964196754414,-2125.4264387113735
2001-07-16 11:59:00,1043.7255845803736,1130.7079085834087
2001-08-16 11:59:00,1024.8313691958351,-430.5167517917684
2001-09-16 11:59:00,1337.624353608228,190.68438504002486
2001-10-16 11:59:00,408.9216067838211,-854.8602690565376
2001-11-16 11:59:00,-1320.0444563018827,-437.70240103875193
2001-12-16 11:59:00,-2356.433030424826,-1097.446309803936
2002-01-16 11:59:00,-6021.885834985958,-613.4802695539847
2002-02-16 11:59:00,-7658.062017289371,-1676.8326411784458
2002-03-16 11:59:00,-7647.400610271987,-1457.0974858240133
2002-04-16 11:59:00,-4071.035580935606,538.0915408156654
2002-05-16 11:59:00,-5723.8641645741745,-468.5790795493198
2002-06-16 11:59:00,-5986.807456873265,1226.3557797658011
2002-07-16 11:59:00,-409.78462193664035,3571.8063856954145
2002-08-16 11:59:00,381.4280566142877,1959.342704656894
2002-09-16 11:59:00,184.46006035888342,1984.6516437613732
2002-10-16 11:59:00,385.6811407512242,1344.3175947736872
2002-11-16 11:59:00,344.24799212205846,1630.672057007414
2002-12-16 11:59:00,-649.773363168686,2704.9349445372945
2003-01-16 11:59:00,-2505.7475227318,2834.206433584823
2003-02-16 11:59:00,-3851.664933046945,380.26052994364517
2003-03-16 11:59:00,-6493.478693287711,327.22972811365423
2003-04-16 11:59:00,-5907.928290024394,1567.742670551199
2003-05-16 11:59:00,-315.5388427364797,2061.7570273198216
2003-06-16 11:59:00,-5024.3301465380755,1871.5108462281214
2003-07-16 11:59:00,35.4558261929038,3659.435054303317
2003-08-16 11:59:00,158.21223418926235,1485.9868982862642
2003-09-16 11:59:00,696.8462449784761,15.761026367999579
2003-10-16 11:59:00,978.3613089615785,-449.0177518810235
2003-11-16 11:59:00,-1188.576406893365,1492.2785960544302
2003-12-16 11:59:00,-4024.0879878920778,2770.028756550804
2004-01-16 11:59:00,-6137.512723376218,520.6964981907392
2004-02-16 11:59:00,-5809.2971128209165,-473.20328012285756
2004-03-16 11:59:00,-6730.575927353136,-890.8936594441461
2004-04-16 11:59:00,-7878.180313856345,-1753.8914715636406
2004-05-16 11:59:00,-7931.227077227401,-1430.1436373667468
2004-06-16 11:59:00,-4841.308604020564,173.56134643810742
2004-07-16 11:59:00,206.76993811766934,2977.3817622212828
2004-08-16 11:59:00,-64.36618441861032,2247.397324092145
2004-09-16 11:59:00,289.6591411910778,571.9121599840162
2004-10-16 11:59:00,629.0526353675325,-512.5568747563456
2004-11-16 11:59:00,-5777.78716925588,-503.5156218243847
2004-12-16 11:59:00,-10219.339216396635,-144.40177167475443
2005-01-16 11:59:00,-12219.146937819572,-1017.8112557898495
2005-02-16 11:59:00,-9842.389842070203,-1311.3875077839612
2005-03-16 11:59:00,-9453.090742292472,-1705.5975521679125
2005-04-16 11:59:00,-8953.728373150887,-1988.7084355581433
2005-05-16 11:59:00,-3664.7320088359265,87.76871573789043
2005-06-16 11:59:00,-8616.022179753843,-1390.7137093334359
2005-07-16 11:59:00,3.5646504002105206,3956.4656279334954
2005-08-16 11:59:00,-165.88424952704628,-474.7318935879182
2005-09-16 11:59:00,-371.0394435775804,137.27419884884947
2005-10-16 11:59:00,303.83947212632387,-1421.3289684071335
2005-11-16 11:59:00,-4022.3775260264565,-1890.960350500963
2005-12-16 11:59:00,-8698.580052668394,-1921.12260035023
2006-01-16 11:59:00,-10052.580872910412,-1899.9213315445975
2006-02-16 11:59:00,-7140.99242839506,-1568.7108560105346
2006-03-16 11:59:00,-5169.921970457604,-1693.1158763457997
2006-04-16 11:59:00,-8784.37589570896,-3536.765758906806
2006-05-16 11:59:00,-4295.445656599977,-2098.76841441683
2006-06-16 11:59:00,-1556.8566096174623,-336.4930646254262
2006-07-16 11:59:00,1592.6523860170294,-712.6424850698057
2006-08-16 11:59:00,-1218.9472569643754,2709.462256122752
2006-09-16 11:59:00,185.6825999088426,2580.932389413659
2006-10-16 11:59:00,1428.2036210902975,152.69117344874928
2006-11-16 11:59:00,1862.7692139148182,-302.9510066894648
2006-12-16 11:59:00,-2349.4257389849918,319.51869028544274
2007-01-16 11:59:00,-4697.498458071868,-1022.5241767665578
2007-02-16 11:59:00,-6163.580722994942,-1153.5654894312909
2007-03-16 11:59:00,-2942.718879941563,-1063.416055305532
2007-04-16 11:59:00,-3432.4903849962798,64.05873595577039
2007-05-16 11:59:00,-7405.085576053845,-843.1187153059186
2007-06-16 11:59:00,-871.4180592599184,951.0107571796717
2007-07-16 11:59:00,205.96269494627515,2748.448789263026
2007-08-16 11:59:00,-16.158551324290894,2393.2894482556253
2007-09-16 11:59:00,-636.9678110379812,5628.970141604483
2007-10-16 11:59:00,-141.79965550301407,2489.453734506446
2007-11-16 11:59:00,-3536.028795046966,1543.880337605329
2007-12-16 11:59:00,-3663.9704438001672,-166.15455801743093
2008-01-16 11:59:00,-9180.598739459727,-977.5772466720838
2008-02-16 11:59:00,-8938.29997619825,-2460.4663787785785
2008-03-16 11:59:00,-9938.570290202138,-2008.5273247081273
2008-04-16 11:59:00,-6562.536318692353,-983.4654772459248
2008-05-16 11:59:00,-1869.1987872976179,-975.2410427646319
2008-06-16 11:59:00,696.4628034530181,2204.982178624435
2008-07-16 11:59:00,350.0855560241823,1299.112320345596
2008-08-16 11:59:00,569.125731029285,869.035960154534
2008-09-16 11:59:00,677.7159657163568,2485.8413108640475
2008-10-16 11:59:00,528.6148061949692,1517.9700588678681
2008-11-16 11:59:00,-2776.565736046821,-1077.7684970180405
2008-12-16 11:59:00,-4509.794313171999,-1344.898456157834
2009-01-16 11:59:00,-9730.167770932512,-682.0033820117885
2009-02-16 11:59:00,-1911.2762937154007,1756.7822807406496
2009-03-16 11:59:00,-3017.7001690604584,1454.86513825565
2009-04-16 11:59:00,1295.9094594938708,2384.581644757116
2009-05-16 11:59:00,2345.9792872134094,11350.681213934493
2009-06-16 11:59:00,-5052.8892822208545,17662.014247044546
2009-07-16 11:59:00,-2600.751306157244,19876.468123378734
2009-08-16 11:59:00,-2907.050938378067,20290.229516759948
2009-09-16 11:59:00,-3448.7722254746973,19734.032633385716
2009-10-16 11:59:00,-1866.611218765369,14396.41363847281
2009-11-16 11:59:00,-213.326187690538,12147.215547488116
2009-12-16 11:59:00,1603.4107636758156,6935.428491146838
2010-01-16 11:59:00,2855.7331908785595,5335.988119469204
2010-02-16 11:59:00,222.71974810146148,4654.216876734598
2010-03-16 11:59:00,-649.4917551847672,5059.860899567741
2010-04-16 11:59:00,1654.162453429554,9278.780656096731
2010-05-16 11:59:00,37.614824238881,13167.807668297088
2010-06-16 11:59:00,-552.8191983409581,16106.717851551435
2010-07-16 11:59:00,-1754.0809486827118,17408.12431639029
2010-08-16 11:59:00,-2975.3082051903116,17946.716294051635
2010-09-16 11:59:00,-5224.549438939145,16027.638249050482
2010-10-16 11:59:00,-3111.5080983561415,11234.407226648653
2010-11-16 11:59:00,1832.8242767077327,6305.669159565304
2010-12-16 11:59:00,2001.435177662017,5418.024123836219
2011-01-16 11:59:00,3502.544017090265,5172.828923998955
2011-02-16 11:59:00,2754.4419215142507,4703.9506602939
2011-03-16 11:59:00,2158.6048505098174,5032.951026856971
2011-04-16 11:59:00,1764.7383074973748,7295.092722184581
2011-05-16 11:59:00,1812.9752918129577,14108.03853743402
2011-06-16 11:59:00,-4530.697760927474,14838.492954817722
2011-07-16 11:59:00,-2160.469899936238,19324.812274260756
2011-08-16 11:59:00,-2398.4881738994686,19159.193875803467
2011-09-16 11:59:00,-2662.1331872233186,18681.22445825575
2011-10-16 11:59:00,-1594.2458048434792,-1157.3060734575342
2011-11-16 11:59:00,-1836.2170626611073,-338.94765443997824
2011-12-16 11:59:00,-4707.321349467324,132.4314510518967
2012-01-16 11:59:00,-1447.5814679823927,733.3943466968377
2012-02-16 11:59:00,-4076.262611589787,-244.06798530899317
2012-03-16 11:59:00,-1719.1664980140251,-268.92565624584034
2012-04-16 11:59:00,-3184.790314348891,859.2429163398816
2012-05-16 11:59:00,241.6255776500398,1721.3840782627974
2012-06-16 11:59:00,1002.1452761305151,-1260.8619177962626
2012-07-16 11:59:00,939.2824770210149,458.6789502631508
2012-08-16 11:59:00,330.08183472197544,790.6264993536706
2012-09-16 11:59:00,474.97937095403154,1299.5002154346626
2012-10-16 11:59:00,768.8776971059378,-1526.5323133152167
2012-11-16 11:59:00,492.85922134191077,151.557598063153
2012-12-16 11:59:00,-1671.095424089594,2406.398690086537
2013-01-16 11:59:00,-3182.8853070396417,809.1118815953112
2013-02-16 11:59:00,-6969.44921914331,-654.0354351552455
2013-03-16 11:59:00,-1756.8185746321092,359.2134181857733
2013-04-16 11:59:00,-1060.0500264407858,92.93791091833818
2013-05-16 11:59:00,312.4364698085556,-184.2451366111687
2013-06-16 11:59:00,134.14581492505232,-1790.9104310379912
2013-07-16 11:59:00,1675.5620138781956,-1384.954217487281
2013-08-16 11:59:00,780.4527796744331,-442.6932900419705
2013-09-16 11:59:00,1454.1113005640516,-1957.8309996803903
2013-10-16 11:59:00,991.4376208951601,-289.9708610190945
2013-11-16 11:59:00,-104.10482808320744,-427.12598725066016
2013-12-16 11:59:00,-1436.076684254205,1209.0966669631875
2014-01-16 11:59:00,-2581.4969615113464,2394.2781807512292
2014-02-16 11:59:00,-1120.6068588878647,2337.2040569955147
2014-03-16 11:59:00,-4761.690528666454,-397.38281918600387
2014-04-16 11:59:00,-1432.5422159514562,1178.8701793678101
2014-05-16 11:59:00,1459.8969421828751,1206.5477194129235
2014-06-16 11:59:00,-1829.765936163477,2825.474155317224
2014-07-16 11:59:00,1423.3837143079343,-1030.5536058875489
2014-08-16 11:59:00,-1618.6076881889678,644.940831663107
2014-09-16 11:59:00,513.5417744086067,302.3445494319144
2014-10-16 11:59:00,19.892259050604412,-1593.960449560698
2014-11-16 11:59:00,-2013.1674029415212,-85.20413387459936
2014-12-16 11:59:00,-6247.732840044032,-474.6118054861513
2015-01-16 11:59:00,-2601.9128127475665,1060.3248162386187
2015-02-16 11:59:00,-2186.77576594206,770.723122933273
2015-03-16 11:59:00,-5054.819551945556,-169.71082081814762
2015-04-16 11:59:00,-3511.048482098709,-503.40511547169075
2015-05-16 11:59:00,1071.2622345253837,-152.39489133533584
2015-06-16 11:59:00,1167.412103882127,-963.0834725423194
2015-07-16 11:59:00,1350.6621246348654,-192.27558824926345
2015-08-16 11:59:00,1118.7886284955766,-932.0889250574916
2015-09-16 11:59:00,254.61258983984564,256.82912370291916
2015-10-16 11:59:00,731.0718527984385,-308.30482972884846
2015-11-16 11:59:00,-2833.962733329247,244.90378855338236
2015-12-16 11:59:00,-5775.955391465862,-1040.3419069663541
2016-01-16 11:59:00,-3910.2682374216124,1114.725402207877
2016-02-16 11:59:00,-3453.3548602488586,200.04794728196725
2016-03-16 11:59:00,-4294.563722079845,-146.90197119183077
2016-04-16 11:59:00,-1751.3724543219766,326.24105547834756
2016-05-16 11:59:00,3405.933101423758,1228.8978497123721
2016-06-16 11:59:00,1979.1894895026132,-113.2829539955312
2016-07-16 11:59:00,1681.0850431372824,-1574.052104065597
2016-08-16 11:59:00,1593.7843277174604,-1821.3132795445883
2016-09-16 11:59:00,1862.5458463970244,-2492.04255765518
2016-10-16 11:59:00,1349.192549111511,-1827.160881047554
2016-11-16 11:59:00,2210.7811915524217,392.90163960341056
2016-12-16 11:59:00,-279.36642759566837,1113.5755975604234
2017-01-16 11:59:00,-6195.615214580728,-124.06528051657588
2017-02-16 11:59:00,-9184.9125202614,-1132.5219648898462
2017-03-16 11:59:00,-8803.892078661858,-876.2856507037973
2017-04-16 11:59:00,-9114.670793344669,-2702.2255931405703
2017-05-16 11:59:00,-6473.470408403295,-3207.5088108010937
2017-06-16 11:59:00,-4316.4253978677625,-2774.367287966596
2017-07-16 11:59:00,868.4760662916179,190.44636598949788
2017-08-16 11:59:00,128.5526447518862,830.502333713469
2017-09-16 11:59:00,1011.9040616268346,-531.2521285474693
2017-10-16 11:59:00,-72.5793486927922,302.94269968983554
2017-11-16 11:59:00,-927.9463212954673,-445.5871129123408
2017-12-16 11:59:00,-6358.794918055314,-1856.7232527999997
2018-01-16 11:59:00,-11031.041097083289,-2166.749498039867
2018-02-16 11:59:00,-8629.241139495356,-900.8606538314443
2018-03-16 11:59:00,-7846.276568466195,-827.3848710907012
2018-04-16 11:59:00,-9763.768470355395,-3323.084762584771
2018-05-16 11:59:00,-8958.501197034775,-3223.9808985700065
2018-06-16 11:59:00,-4650.08462793897,-2807.3165971046574
2018-07-16 11:59:00,2085.4681596644064,-1864.9263709059512
2018-08-16 11:59:00,1376.3997087129399,-1440.8960714096484
2018-09-16 11:59:00,1666.133509870743,-2057.3499433375723
2018-10-16 11:59:00,1406.7050978017671,-727.0332083665928
2018-11-16 11:59:00,-428.98788847397816,-1199.0547171268151
2018-12-16 11:59:00,-1596.9466781292751,-1273.2001027695335
2019-01-16 11:59:00,-3721.196690051251,-802.705649995334
2019-02-16 11:59:00,255.8383357119622,560.058973382066
2019-03-16 11:59:00,-2069.9242964684045,-736.8046856334602
2019-04-16 11:59:00,-599.0665748203581,86.79638110998884
2019-05-16 11:59:00,2508.64238067187,-19.01250909381205
2019-06-16 11:59:00,415.47709696117937,-2358.8442946351474
2019-07-16 11:59:00,837.0344733124921,-773.1160927380846
2019-08-16 11:59:00,1693.5588248664496,-1698.3946987583568
2019-09-16 11:59:00,1836.630375356703,-2106.2572601741626
2019-10-16 11:59:00,1845.5625828863165,-1526.144051793503
2019-11-16 11:59:00,3451.802419664751,230.75278203036913
2019-12-16 11:59:00,-1782.0346844324838,-606.2065288457993
2020-01-16 11:59:00,-2057.9454426455345,-185.41309944739007
2020-02-16 11:59:00,-872.2788486224604,33.891016147667564
2020-03-16 11:59:00,651.0847455013602,444.24114612013085
2020-04-16 11:59:00,1938.4131664491456,815.8187843909827
2020-05-16 11:59:00,2430.137475626647,9.859213163204045
2020-06-16 11:59:00,-1493.863685506535,-2988.9106693981976
2020-07-16 11:59:00,2073.787523219238,-1617.4014410849804
2020-08-16 11:59:00,1370.3399179281441,-654.950731782283
2020-09-16 11:59:00,1823.119293895084,-2180.7890892603405
2020-10-16 11:59:00,1596.6905152674294,-1004.8685767562058
2020-11-16 11:59:00,2253.9776286129727,-256.69973313967176
2020-12-16 11:59:00,1377.2184979207636,-498.8021526963051
2021-01-16 11:59:00,1195.251028485728,-67.46051688080544
2021-02-16 11:59:00,1723.8856337305085,9.730698093088213
2021-03-16 11:59:00,664.4755918691574,423.7035650685196
2021-04-16 11:59:00,-381.26048703855065,-32.31084951514063
2021-05-16 11:59:00,-84.86427970774372,-519.5858646601909
2021-06-16 11:59:00,1480.0143435918087,-1504.4188002602932
2021-07-16 11:59:00,1853.8703375189457,-1276.8182237005972
2021-08-16 11:59:00,1472.7070451283607,-1037.2904439291535
2021-09-16 11:59:00,1358.4460703043742,-2284.5628759705346
2021-10-16 11:59:00,-177.97974940383438,-1958.2166564584695
2021-11-16 11:59:00,-1430.738452165631,-1701.4065630003035
2021-12-16 11:59:00,-1335.610943013807,-1629.2354144849678
2022-01-16 11:59:00,-2651.6477555718575,-1486.9810812824562
2022-02-16 11:59:00,-2721.359373482122,-687.0772723836994
2022-03-16 11:59:00,-1096.7499657773333,127.4041725391887
2022-04-16 11:59:00,-1836.6775601522222,-415.84271997568226
2022-05-16 11:59:00,-625.3314102211077,-1201.8647080260805
2022-06-16 11:59:00,1897.7635701376707,-2111.116949280331
2022-07-16 11:59:00,1978.3939039742215,-2305.1929612613917
2022-08-16 11:59:00,1697.680581812076,-2334.9953356711653
2022-09-16 11:59:00,509.17837402630494,-2541.186674565887
2022-10-16 11:59:00,1461.8665237126556,-1380.1179253172622
2022-11-16 11:59:00,-1496.9504674589807,-1136.5154648139849
2022-12-16 11:59:00,358.9581951612381,-829.0279820589024
2023-01-16 11:59:00,-877.963526953334,-737.9077816006217
2023-02-16 11:59:00,-3038.2351556260232,-1196.5839550961769
2023-03-16 11:59:00,523.4298778963245,122.09643853293092
2023-04-16 11:59:00,-2000.7451870947893,-889.7110223418108
2023-05-16 11:59:00,2865.636132414055,116.2851377298075
2023-06-16 11:59:00,907.7513616132235,-2402.626020742677
2023-07-16 11:59:00,2000.2640071231033,-2250.434083378591
2023-08-16 11:59:00,1809.6485893737176,-2599.9252556405736
2023-09-16 11:59:00,1902.3014360917161,-2500.724627634562
2023-10-16 11:59:00,1377.7917050965186,-1595.407702885832
2023-11-16 11:59:00,-516.0410439397422,-751.3826874156507
