Date,Nino3.4,DMI
1950-01-01,-0.9838869286294099,0.22106851642028935
1950-02-01,-1.4427068449308251,-0.22973545416033928
1950-03-01,-0.9807760886798285,-0.32325299159586485
1950-04-01,-0.8578885647399801,-0.35669141707045793
1950-05-01,-1.2102911625591979,-0.05712622911045509
1950-06-01,-0.8098953791901415,-0.485156145354549
1950-07-01,-1.0162788070661222,-0.3005011873488799
1950-08-01,-0.5912459965352355,0.002283571052587474
1950-09-01,-1.0197092724393961,-0.31789418441135453
1950-10-01,-0.7867130119536476,-0.3824754646908861
1950-11-01,-1.343678085871133,-0.27423781141976045
1950-12-01,-0.9942034695264361,-0.051679281137162844
1951-01-01,-1.0331438677481017,-0.005922627165989472
1951-02-01,-0.6500838890127376,-0.0031821651575060506
1951-03-01,-0.6780471226904474,0.23640903111309464
1951-04-01,-0.10423996101997801,-0.5346492556923367
1951-05-01,-0.00020663316485070027,-0.04687164571368266
1951-06-01,-0.016867478074161113,-0.5813236894084401
1951-07-01,0.7336220441361903,-0.5276509516989287
1951-08-01,0.9524352814064478,-0.021244639292692158
1951-09-01,0.7559300501382538,0.12117808594014079
1951-10-01,0.8405256254641174,0.24367941737865983
1951-11-01,0.8312203187992289,0.14527631607533087
1951-12-01,0.7563684851367398,0.02381849800185039
1952-01-01,0.4687131897838732,0.048230186792250204
1952-02-01,0.3059984137188714,0.17716277530442257
1952-03-01,0.1312983224601787,0.32897603093976024
1952-04-01,0.45959153202340275,0.20929266749138253
1952-05-01,-0.2928030449093235,-0.022818506917491793
1952-06-01,-0.6158885910461009,0.015977370166505578
1952-07-01,-0.5372495270559199,-0.5965056623675886
1952-08-01,-0.38975762403042324,-0.49888855897087514
1952-09-01,-0.29073595465337476,-0.6247352573751428
1952-10-01,-0.0019343830936975337,-0.5620770447138543
1952-11-01,-0.2951601180252261,-0.30976152176214933
1952-12-01,-0.5145528202940426,-0.18726983066043473
1953-01-01,0.4350989483631622,0.01095092465766788
1953-02-01,0.30777919669655773,0.17967727109683737
1953-03-01,0.2996367236918793,0.0869081761024264
1953-04-01,0.8198184226342349,-0.20101109936851824
1953-05-01,0.44468586966080537,0.18685215444093847
1953-06-01,0.4688573874334523,0.01056612350826458
1953-07-01,0.2506173775872149,-0.0429566605012377
1953-08-01,0.07017396074637361,0.07224705244445029
1953-09-01,0.7552299654322319,-0.0749344219187833
1953-10-01,0.13786637825461057,-0.11933110319100315
1953-11-01,0.33659134181283434,-0.10553958028452948
1953-12-01,0.19076319101087336,-0.1121227804156794
1954-01-01,0.4584968398377782,-0.3011539908394162
1954-02-01,0.2731924954520082,-0.2845083581471516
1954-03-01,0.09274803056558767,-0.4211887094399491
1954-04-01,-0.29134068659318046,0.17578763264901542
1954-05-01,-0.44705879660346426,-0.36011735198438166
1954-06-01,-0.7624435309531457,-0.23534993388160896
1954-07-01,-0.9741827974003208,-0.5538153034847946
1954-08-01,-1.0512477595983931,-0.5983727959023419
1954-09-01,-0.9653217815660007,-0.46779541497711463
1954-10-01,-0.8861458134355829,-0.6667794176960715
1954-11-01,-1.1412542387327633,-0.6517174407485248
1954-12-01,-0.7645874323821396,0.03876154825812124
1955-01-01,-0.5901421587220099,-0.19002171343727092
1955-02-01,-0.7100425363386016,-0.18021750130559325
1955-03-01,-0.7136564101202545,0.09945700162689541
1955-04-01,-0.8983068728419035,-0.1390112298897962
1955-05-01,-1.1405746402413186,-0.9730939739015196
1955-06-01,-1.1547478934149318,-0.700241150534276
1955-07-01,-1.2612834279973626,-0.84181590283592
1955-08-01,-0.8682168833789277,-0.7353673559798957
1955-09-01,-1.253606570883555,-0.6400455688153315
1955-10-01,-1.5534258204589158,-0.7168138159920137
1955-11-01,-1.8884557478843007,-0.3951770045569821
1955-12-01,-1.4872999680160284,-0.6337456864216596
1956-01-01,-1.150924259761041,-0.3708535790415076
1956-02-01,-0.9064761139314079,-0.22209447423902687
1956-03-01,-0.8458527902426312,-0.11421591085748495
1956-04-01,-0.7349951612661592,-0.3729243014299898
1956-05-01,-0.4888502144381981,-0.6935306309124198
1956-06-01,-0.7678125553027613,-0.9855925202701681
1956-07-01,-0.8828388535807576,-1.0875605454790696
1956-08-01,-0.768765561857748,-0.732611888062425
1956-09-01,-0.816217560599231,-0.9279660329157515
1956-10-01,-0.6483538346326547,-0.7433831170570482
1956-11-01,-0.9834390796905161,-0.6083849236559841
1956-12-01,-0.543505256067867,-0.17397175767993062
1957-01-01,-0.4981093020662435,-0.2512083205649339
1957-02-01,-0.1834424062872344,-0.45563334727413884
1957-03-01,0.1766221226363811,-0.07436130466454194
1957-04-01,0.4686050054522042,-0.1951538704526713
1957-05-01,0.5449882540454034,-0.23113547093396372
1957-06-01,0.6081113066521553,-0.36544404626457205
1957-07-01,0.760892072368808,-0.4068672093647352
1957-08-01,0.8416595308746828,-0.6176203464263736
1957-09-01,0.6120686755970333,-0.4334873792532008
1957-10-01,0.7866910031439787,-0.3967801970791047
1957-11-01,1.1193487553578585,-0.3027729632356694
1957-12-01,1.2231403080955978,-0.04749290419373635
1958-01-01,1.615338711860872,-0.22750229797578136
1958-02-01,1.445774318564471,-0.12108632851000847
1958-03-01,1.0602408219267758,-0.3059960629352394
1958-04-01,0.3385832513787612,-0.43834466726458754
1958-05-01,0.4042844974842339,-0.2466426751847093
1958-06-01,0.3489933703741315,-0.9352763159725417
1958-07-01,0.09210918314475336,-1.074736153838108
1958-08-01,0.27777090867305887,-1.0385954566489055
1958-09-01,-0.22768374315471718,-1.0282428844621414
1958-10-01,-0.0036904538032871415,-0.7889650152331189
1958-11-01,0.07937079953151382,-0.6357369295953864
1958-12-01,0.33482800903212606,-0.3974161696126805
1959-01-01,0.5075452280025914,0.18576418051128207
1959-02-01,0.5575093803691864,-0.2343423391915688
1959-03-01,0.3353153525611745,-0.2904889238221704
1959-04-01,0.3188740039753988,-0.17947859737198268
1959-05-01,0.08451602354735144,-0.3779453523845999
1959-06-01,-0.2733027433982649,-0.3305693496243418
1959-07-01,-0.22294120850184385,-0.35085379584770293
1959-08-01,-0.3699774631687873,-0.48214337354501713
1959-09-01,-0.45010329777626623,-0.23070108233825692
1959-10-01,0.1568802739065127,-0.4127741227792878
1959-11-01,-0.13730511668130774,-0.5002310547523704
1959-12-01,-0.00349924523645484,-0.4376234542579999
1960-01-01,0.11046154816419218,-0.24612589336566437
1960-02-01,-0.1722342730506199,-0.0553278662708169
1960-03-01,0.01234255407078777,-0.41885077887322075
1960-04-01,0.06303642041527624,-0.8445662289476915
1960-05-01,0.15618725223800212,-0.8452595486102898
1960-06-01,-0.13811939462420852,-0.7142051519925883
1960-07-01,-0.18501858293692308,-0.6244928447245977
1960-08-01,0.051259540760351996,-0.6744124619351581
1960-09-01,0.1265194509803358,-0.6655810027856717
1960-10-01,-0.022382141373750386,-0.7872204302214048
1960-11-01,-0.35364787942748777,-0.8242722906997683
1960-12-01,0.054819765875489423,-0.813557275167676
1961-01-01,-0.07224673230704681,-0.4592863779190238
1961-02-01,0.1133871797676207,-0.6276436194301861
1961-03-01,-0.003180082125386008,-0.46719864285921253
1961-04-01,0.19769759750489158,-1.0705353110200306
1961-05-01,0.10651602473538091,-0.6638468410296594
1961-06-01,0.1619584572347641,-0.3846011013547479
1961-07-01,-0.2717636452252279,0.41097010115966826
1961-08-01,-0.22981426663942983,0.5480346491980661
1961-09-01,-0.46034138896245125,0.40407535521636717
1961-10-01,-0.6862531948576454,0.1548010303087981
1961-11-01,-0.16288886046308093,-0.02696453283554001
1961-12-01,-0.2466785758025729,-0.05809694690321747
1962-01-01,-0.14986460912632893,0.046493135243353176
1962-02-01,-0.08240987519020138,0.3504639079621886
1962-03-01,-0.31824740631164516,-0.06493011241648339
1962-04-01,-0.2758634443333392,-0.1758707833656069
1962-05-01,-0.3250821136212245,-0.38695205056420057
1962-06-01,-0.16660987485398593,-0.27748410813832547
1962-07-01,-0.23913285606355217,-0.22218983864732933
1962-08-01,-0.07882611815408325,-0.15705365882986233
1962-09-01,-0.4763407745981034,0.15440515338489647
1962-10-01,-0.281865574232814,-0.16152976654365325
1962-11-01,-0.4007854829800941,-0.21830901101272582
1962-12-01,-0.4517110815431238,-0.20029090682840106
1963-01-01,-0.23229074089631752,0.12219688527242033
1963-02-01,-0.18514824101841398,0.28611638897538516
1963-03-01,0.04267410141225625,-0.015988656387388778
1963-04-01,0.009359210894142933,0.11018858462124459
1963-05-01,0.10868402023330859,0.23711258198553173
1963-06-01,0.20552887122904906,-0.006074593439344911
1963-07-01,0.8023178931349655,0.3783947459217336
1963-08-01,0.9536891177198719,0.8033219087687022
1963-09-01,0.7402769243741574,0.6852169559020744
1963-10-01,0.8825598412448024,0.63079110797384
1963-11-01,0.785456605643013,0.5206284827414708
1963-12-01,1.1034773194962817,0.07140188683595257
1964-01-01,0.8367347413566435,-0.19276266850781731
1964-02-01,0.5994182626817555,-0.4596694125472228
1964-03-01,-0.07928605783698117,-0.140891929506896
1964-04-01,-0.49862575207928117,0.20147194425706505
1964-05-01,-0.6575570926017313,-0.27259505669263695
1964-06-01,-0.8359798711009603,-0.31053699217392006
1964-07-01,-0.5746281911220628,-0.6170820035071374
1964-08-01,-0.723251133259371,-0.5341953758426137
1964-09-01,-0.8398692185126428,-0.6791950231691395
1964-10-01,-0.9505665085215185,-0.4048677271958443
1964-11-01,-1.0570845114589673,0.09404828882989469
1964-12-01,-1.0316596499107185,0.12024585627062352
1965-01-01,-0.49529142320786335,0.018867536257577963
1965-02-01,-0.28847941849209846,-0.260836196109265
1965-03-01,-0.23953970990025297,0.12877794813348253
1965-04-01,-0.026122581362503894,0.36688643108423225
1965-05-01,0.30137140433636844,-0.08434772524216763
1965-06-01,0.5230848459330169,-0.2731473360889016
1965-07-01,0.8730400839694603,0.036664291463639254
1965-08-01,1.2982372476342015,-0.051105528973216297
1965-09-01,1.3480070645076339,-0.23095580042692987
1965-10-01,1.6591903150625669,0.49047567716701046
1965-11-01,1.5919508772078785,0.23022912934206252
1965-12-01,1.5039116333658562,-0.07967841358871423
1966-01-01,1.2223602546705905,-0.007783364440867704
1966-02-01,0.8983203330510534,-0.11686224107453028
1966-03-01,0.8864969259635309,-0.1579509042052043
1966-04-01,0.5947635393563395,-0.3816281726454954
1966-05-01,0.03266374102307523,-0.1714406306859855
1966-06-01,0.18738085975855867,0.02356458509892323
1966-07-01,0.27192933022236687,-0.09599620026275146
1966-08-01,-0.07976089351093663,0.26081495054906934
1966-09-01,0.014927478990404808,0.01869945766685177
1966-10-01,-0.02012946855385067,-0.19265935083585184
1966-11-01,-0.3525353745202757,-0.13645582254226818
1966-12-01,-0.23547774715180836,-0.006473383323699108
1967-01-01,-0.4611082587687676,-0.14895392105666538
1967-02-01,-0.4857719558043563,-0.1216096289417318
1967-03-01,-0.3757934942778043,0.2141625699621097
1967-04-01,-0.49541212413498315,0.0037272423997868342
1967-05-01,-0.14690574669581835,0.2062030747720451
1967-06-01,-0.06332165394956135,0.3291452374129509
1967-07-01,-0.056455533791847756,1.0000810569138052
1967-08-01,-0.27664438385204804,0.9972133417953628
1967-09-01,-0.5176740895621386,0.7280692241874682
1967-10-01,-0.36608150872953615,0.36059685538157815
1967-11-01,-0.32733006494175854,0.06300588676948016
1967-12-01,-0.3306647185525833,0.21359366762046378
1968-01-01,-0.5468169988450384,0.3132776726107779
1968-02-01,-0.7057681397470716,0.39283993791766225
1968-03-01,-0.6875465471364457,0.05741585856867837
1968-04-01,-0.4204355910663118,-0.03497292470247981
1968-05-01,-0.34270005471020326,-0.08256978922204519
1968-06-01,0.2447816794427098,-0.12166161117783258
1968-07-01,0.38020555787096555,-0.6311164194038967
1968-08-01,0.3699892909053837,-0.6445799149165332
1968-09-01,0.14006920794533784,-0.7885252749327272
1968-10-01,0.35695452530657334,-0.4362850732536092
1968-11-01,0.7870808847363868,-0.5109161200989879
1968-12-01,0.7963001774872325,-0.28881148828196984
1969-01-01,0.9568351514633093,-0.12573390086316671
1969-02-01,1.056770852817376,-0.08125981954692021
1969-03-01,0.6779200787865562,-0.18676821078090788
1969-04-01,0.37220971574045336,-0.24050534713666505
1969-05-01,0.486322300621147,-0.27412081459181414
1969-06-01,0.33599313411878384,-0.6947155051136218
1969-07-01,0.1654376190494773,-0.24326305812048488
1969-08-01,0.5625759243616884,-0.008980043534026594
1969-09-01,0.561716356924542,0.01634646019712349
1969-10-01,0.7101719345287556,0.005532884516162184
1969-11-01,0.7925278223440451,-0.03411063178505935
1969-12-01,0.733577788171484,-0.14640165095510355
1970-01-01,0.6330279453574619,-0.12186578455523213
1970-02-01,0.42173515132818906,0.1629464530818173
1970-03-01,0.3445003432638174,-0.0701918401042183
1970-04-01,0.21698260345053555,0.07949343223809524
1970-05-01,0.08871039928972024,0.18127286179179355
1970-06-01,-0.2670143704390391,-0.05008215490148271
1970-07-01,-0.9471593251083625,-0.006286869774965842
1970-08-01,-0.9405919773998654,0.2551918000138549
1970-09-01,-0.7185117640806737,-0.15202202570629453
1970-10-01,-0.6219367165759841,-0.28842341825018103
1970-11-01,-0.8279135167819156,-0.21359217337961434
1970-12-01,-1.0727857308909883,-0.1277804624189271
1971-01-01,-1.3768372022022177,0.12981443738918308
1971-02-01,-1.2201684509362245,0.003628109347746017
1971-03-01,-1.1978572365232232,0.21058698573004286
1971-04-01,-0.9126272096087753,-0.044437640180817195
1971-05-01,-0.71685042183287,-0.27610904259513425
1971-06-01,-0.7218065738360693,-0.18891103447060442
1971-07-01,-0.5731448118972899,-0.24973952403594324
1971-08-01,-0.6104267569607309,-0.4844436673508057
1971-09-01,-0.6626193306399308,-0.3095147298643397
1971-10-01,-0.7550346519151532,-0.414920859733483
1971-11-01,-0.8341347328295008,0.12710539920804342
1971-12-01,-0.8744897124450794,0.15184794537202834
1972-01-01,-0.5046915456406218,0.1048061626270894
1972-02-01,-0.1630556667508749,-0.2853514403801237
1972-03-01,-0.17142456562187647,0.10740832358714081
1972-04-01,0.2578448184202813,0.08057603701978511
1972-05-01,0.4243628481672985,0.22435300576655257
1972-06-01,0.7144901293651635,0.6208455158480557
1972-07-01,0.8992582634290756,0.41335736363567777
1972-08-01,1.3746740240117923,-0.03178279399014561
1972-09-01,1.293418913081105,0.2666006632849971
1972-10-01,1.827119576599511,0.3913069111915437
1972-11-01,1.9385304522740796,0.7681376887670043
1972-12-01,2.263636647975673,0.5477133948209764
1973-01-01,1.6894631228001664,-0.12648651938847089
1973-02-01,1.151698270308529,-0.1333538927398105
1973-03-01,0.6644858616061207,-0.08425673989483307
1973-04-01,-0.025885055042760285,-0.47590217458166617
1973-05-01,-0.4731192594447542,-0.27084744328402244
1973-06-01,-0.8013603183465499,-0.5550593182656922
1973-07-01,-1.0922987488678686,-0.7817107011614277
1973-08-01,-1.1694054492414665,-1.04477508383357
1973-09-01,-1.3206337609497112,-0.9234986368150153
1973-10-01,-1.536153339939137,-0.6008611795823651
1973-11-01,-2.027335427756853,-0.4569414653126008
1973-12-01,-2.116367980564597,-0.33257681728628213
1974-01-01,-1.92512605157264,0.22431709778618447
1974-02-01,-1.4306134596990354,0.24432106136860385
1974-03-01,-1.3348754188898297,0.28276181880908546
1974-04-01,-0.9331472419757532,-0.17758166059325842
1974-05-01,-0.6839644472985462,-0.16438407325374607
1974-06-01,-0.6261761340812306,-0.19013735770100593
1974-07-01,-0.5727179964961806,-0.3742609157725896
1974-08-01,-0.2658724258652647,-0.6804976628162713
1974-09-01,-0.2510267888655946,-0.8968823361256035
1974-10-01,-0.6989930280011727,-0.7143387555650218
1974-11-01,-0.9160466909065015,-0.5301058720254636
1974-12-01,-0.8054047545776584,-0.3754238813549455
1975-01-01,-0.28257181481555804,-0.38430676526822005
1975-02-01,-0.2724845809047416,-0.24331828866603714
1975-03-01,-0.5091343523980676,-0.23034417635503934
1975-04-01,-0.5300480685028077,0.1348602937164748
1975-05-01,-0.9026666354238664,0.2431763415299388
1975-06-01,-1.1991562078390459,0.1067714638068391
1975-07-01,-1.1616248161180742,-0.23739931931104308
1975-08-01,-1.0932782196478286,-0.5091652496417105
1975-09-01,-1.3389242285636485,-0.8637461555526329
1975-10-01,-1.41608876754632,-0.7789817545216291
1975-11-01,-1.4105350527184655,-0.3442728804540506
1975-12-01,-1.5885823436567108,-0.0872157330631657
1976-01-01,-1.7263264337679445,0.005366159980963001
1976-02-01,-0.989551695907732,0.05334455603892793
1976-03-01,-0.584920703144018,0.003106900557501513
1976-04-01,-0.3661370552971164,0.3384374862437801
1976-05-01,-0.3807332221195132,0.26255972103651026
1976-06-01,0.07927734492040983,0.6057491236124644
1976-07-01,0.23492671439363022,0.9178693436589234
1976-08-01,0.37656875069394147,0.3434344058016563
1976-09-01,0.6702143350722132,0.2813464821661462
1976-10-01,0.9152493225888065,0.24856833227714326
1976-11-01,0.9391484531481638,0.1391393203282748
1976-12-01,0.703723036595818,0.2890722238262798
1977-01-01,0.9414556664181681,0.08637910611621612
1977-02-01,0.6274260209969995,0.002255736441840822
1977-03-01,0.4862761035041103,0.38886114327560173
1977-04-01,-0.2132334049729785,0.21299316909776056
1977-05-01,0.0681017018772927,0.03303183994674816
1977-06-01,0.4142769587079371,0.1859850387689821
1977-07-01,0.4834407309663966,0.3709207875623852
1977-08-01,0.2699973751025766,0.5113900191050795
1977-09-01,0.48900884708176307,0.3903186828687666
1977-10-01,0.9262968670878493,0.7618705461383701
1977-11-01,1.0545158457406671,0.2874175281843302
1977-12-01,1.1151777703804946,0.49451822119060523
1978-01-01,0.7952495404643507,-0.5324386163984541
1978-02-01,0.5689980079362797,-0.3569965676769459
1978-03-01,0.14923129819102243,-0.4388922328777054
1978-04-01,-0.3338944911897599,0.16032331821505952
1978-05-01,-0.4031653393379635,-0.18634737068329324
1978-06-01,-0.39293830529029705,-0.17910290332322742
1978-07-01,-0.4290763407468319,-0.6852532025891003
1978-08-01,-0.5775954632516864,-1.0039510055498646
1978-09-01,-0.5133873744872517,-0.6320503884364861
1978-10-01,-0.28730631133723605,-0.3172697324549514
1978-11-01,-0.10683605819060205,-0.3274885204546484
1978-12-01,0.1290626145740319,-0.03181742186761609
1979-01-01,0.12077124935101935,0.3072114324268299
1979-02-01,0.15189180430839855,0.09118601917140454
1979-03-01,0.20845770730101876,0.1667904128680251
1979-04-01,0.23301821130482026,0.08672676729832662
1979-05-01,0.02449257007134875,-0.32939556877660414
1979-06-01,0.1085985226966919,0.242889276927875
1979-07-01,-0.14334505564787747,0.18923772146881945
1979-08-01,0.2660135106561654,0.3084839126752328
1979-09-01,0.5823253468167024,0.12370177244347502
1979-10-01,0.37603160463902086,-0.22207446510255302
1979-11-01,0.40163774923480133,-0.16395450926005617
1979-12-01,0.737250966302696,0.067329476337831
1980-01-01,0.6281785529595503,-0.0005625454366075117
1980-02-01,0.388167124042873,0.05515129489378809
1980-03-01,0.17420027654336323,-0.23163521543223076
1980-04-01,0.24458627723831228,-0.23195324612416368
1980-05-01,0.22961169450383068,-0.14324274175070054
1980-06-01,0.4261812575154309,-0.35450765087382163
1980-07-01,0.07925628622277259,-0.830707774239025
1980-08-01,-0.18718631242260741,-0.696548602599065
1980-09-01,-0.039831705002423945,-0.7477024060761757
1980-10-01,-0.07745381365437609,-0.34462734924748695
1980-11-01,0.13010536138682838,-0.1501957645569808
1980-12-01,0.40503294367431764,-0.18964901135097761
1981-01-01,-0.38266216802458786,-0.020458675202372892
1981-02-01,-0.3949986362005653,0.2739621881472819
1981-03-01,0.062320136575849006,0.20479121948241663
1981-04-01,-0.12219767109828794,0.19095457332084453
1981-05-01,-0.005874868637985031,0.15950192551517992
1981-06-01,-0.0835895658763377,-0.03801221422718837
1981-07-01,-0.3658803870336449,-0.5413421580157285
1981-08-01,-0.13542292461290728,-0.5884251967622831
1981-09-01,0.027849953059554622,-0.40287125076843466
1981-10-01,0.01643446770680157,-0.4114797760225333
1981-11-01,-0.2156701315439271,-0.3142365942823998
1981-12-01,0.12213312268421461,0.04601213171908698
1982-01-01,0.06283407414912645,0.16250609110906644
1982-02-01,-0.048544313275321826,0.2524589169097188
1982-03-01,0.07605926190272427,0.1221337117262602
1982-04-01,0.3004037513757254,0.15247509927999647
1982-05-01,0.7560621739691378,0.37317864258598044
1982-06-01,0.9854799909401208,0.2783632848849915
1982-07-01,0.6934696587660021,0.365449403692635
1982-08-01,0.9757600396463282,0.440809101772637
1982-09-01,1.4870460545068909,0.5178153819323121
1982-10-01,2.060036522906941,0.6326450020996628
1982-11-01,2.1406896611325372,0.4174785684820913
1982-12-01,2.4240623603899287,-0.14193333309370132
1983-01-01,2.552746656577579,-0.15190437062367856
1983-02-01,2.3190775928928957,-0.381620580034406
1983-03-01,1.809570727062745,-0.6926285821843974
1983-04-01,1.2035125598191918,-0.5893438426987033
1983-05-01,1.2519717834233042,-0.09736733290334579
1983-06-01,0.7041941090269042,0.22823318690509242
1983-07-01,-0.034348807580414586,0.5221177010313964
1983-08-01,-0.06827596149904025,0.5013632160740655
1983-09-01,-0.4016237026975169,0.21795720141441777
1983-10-01,-0.9810173301781191,-0.02176078600030884
1983-11-01,-1.0901594563554866,-0.1805477271333208
1983-12-01,-0.8976380590570194,0.1666866260675009
1984-01-01,-0.7033182489182188,0.09812811315594493
1984-02-01,-0.452683443523366,0.019952823807914383
1984-03-01,-0.36919781273917707,0.10443753625192209
1984-04-01,-0.5303336296980561,0.20067930883007168
1984-05-01,-0.5352591097090276,-0.07291106653443416
1984-06-01,-0.8473461082430411,0.06486655892806215
1984-07-01,-0.3550151531533423,-0.21536834813428896
1984-08-01,-0.3658148789442066,-0.4113010551520049
1984-09-01,-0.27531947863408845,-0.5150827299621632
1984-10-01,-0.7992906845539274,-0.3534262765115894
1984-11-01,-1.1418411136328537,-0.25526000356067635
1984-12-01,-1.4906824241201129,-0.12384317924251802
1985-01-01,-0.8098703047505644,-0.22625634345013446
1985-02-01,-0.8482792738268721,-0.4629178274945235
1985-03-01,-0.8667483589923357,-0.33891281059891276
1985-04-01,-0.9262064519870883,-0.1992912781917867
1985-05-01,-0.7958729158652176,-0.11971053983071636
1985-06-01,-0.69752596530709,-0.4125552646889272
1985-07-01,-0.5572404516605474,-0.2439281231450161
1985-08-01,-0.4646356352497598,-0.4235732397356984
1985-09-01,-0.4935446205559906,-0.16977679251527533
1985-10-01,-0.612501352127552,-0.3831413196484501
1985-11-01,-0.4056343443456747,-0.07120404529015667
1985-12-01,-0.3666307054283955,-0.1574293047544883
1986-01-01,-0.7062010535603278,0.042735149784218204
1986-02-01,-0.5697263804200396,0.12157449505439474
1986-03-01,-0.4086633163607978,-0.07628127706165677
1986-04-01,-0.3467855450147006,-0.10144552371104265
1986-05-01,-0.3734201396732679,0.011073258635207334
1986-06-01,-0.02185381933621855,-0.023167950224000977
1986-07-01,0.21419993134335158,-0.13938301436980338
1986-08-01,0.25880081490963747,-0.14926725222364756
1986-09-01,0.6589918335201226,0.05196357966533327
1986-10-01,0.936847224425108,0.17948769696732292
1986-11-01,1.080636720098152,0.022257021100201002
1986-12-01,1.0193643220867266,0.023651800911820134
1987-01-01,1.280502609479651,-0.036250714015330435
1987-02-01,1.240097659962462,0.2984221973223403
1987-03-01,1.3270018129443528,0.1332336987890843
1987-04-01,0.9487160082223234,0.11677837401875368
1987-05-01,1.0214771442240362,0.20356028616628327
1987-06-01,1.2978158469315773,0.41223427271902113
1987-07-01,1.3993060687507004,0.43280609860980435
1987-08-01,1.5205958706700144,0.45292521774377614
1987-09-01,1.6164963236592733,0.829622860569863
1987-10-01,1.3994970373872349,0.656922218754195
1987-11-01,1.324426354829793,0.3076836265810231
1987-12-01,1.0988127107797894,0.43389784446505303
1988-01-01,0.773114661282861,0.39276835705295177
1988-02-01,0.4160285613605268,-0.18553719655401038
1988-03-01,0.3808743168164632,-0.19964527751380223
1988-04-01,-0.4298641553859852,0.15620922091924416
1988-05-01,-0.9539335880225934,-0.19739382583781032
1988-06-01,-1.4147892295509301,-0.09960504859112373
1988-07-01,-1.4970254572858757,0.09051690980767746
1988-08-01,-1.4187124069694335,0.001111817680514049
1988-09-01,-1.2702298578605493,-0.02396326422051942
1988-10-01,-2.048254431899558,-0.23594149171318968
1988-11-01,-2.1420506217735173,0.015193732044692099
1988-12-01,-1.9364479539817623,0.1614960976326985
1989-01-01,-1.8557471786449575,-0.33030720571167926
1989-02-01,-1.2893781899669072,-0.09285000721492934
1989-03-01,-1.2235811231058484,-0.24958011945493985
1989-04-01,-1.0458932419036984,-0.2555703204669514
1989-05-01,-0.6892327774802425,-0.2866210952552668
1989-06-01,-0.5688381163906406,-0.7087993338071474
1989-07-01,-0.39826924084796644,-0.7228262878735181
1989-08-01,-0.5466804133449159,-0.6638562100820373
1989-09-01,-0.30958707142324826,-0.4120210699354203
1989-10-01,-0.3596833974111071,-0.46515432153179326
1989-11-01,-0.2580095149097623,-0.1866830418235187
1989-12-01,-0.093626894995257,0.06283109181632669
1990-01-01,0.09471761604336137,0.19611238958918598
1990-02-01,0.4183123144596017,-0.10057768739655684
1990-03-01,0.27962497204631376,-0.04452764071694637
1990-04-01,0.3100988703898402,-0.3576878157196469
1990-05-01,0.42801487050813947,-0.15887417935543605
1990-06-01,0.059475732897247724,-0.14043001929229004
1990-07-01,0.19640630518714275,0.11437060056124992
1990-08-01,0.20098962215947935,-0.0948792244329042
1990-09-01,0.1875060626897458,0.01945950287912268
1990-10-01,0.14946127834335954,-0.12486153256630139
1990-11-01,0.09950049943373784,0.013330208989077108
1990-12-01,0.33488676817069063,0.029692919969344603
1991-01-01,0.5726404562436613,0.2754366755921226
1991-02-01,0.37197290930665616,0.3838144447155526
1991-03-01,0.18612598364905608,0.26579598792272585
1991-04-01,0.2542612979260319,0.5190999865123124
1991-05-01,0.5352653784389112,0.5730903817949307
1991-06-01,0.7097732628871469,0.578315908680479
1991-07-01,0.6868634193646201,0.8183905662852935
1991-08-01,0.45608145206966455,0.7956266313901323
1991-09-01,0.2896676328986807,0.6440912270665855
1991-10-01,0.932037343715777,0.4138052187212313
1991-11-01,1.1687691254177075,0.20824671272171946
1991-12-01,1.6601572802707736,0.2387214250917205
1992-01-01,1.7042706170712272,-0.21383333301697072
1992-02-01,1.6958441517194984,-0.16639737640488575
1992-03-01,1.5948365771499482,-0.37925126946269905
1992-04-01,1.467650303078475,-0.22491461761242715
1992-05-01,1.3830069346326184,-0.31302434310649097
1992-06-01,0.5900795870357278,-0.7108901316875678
1992-07-01,0.31663269369360236,-0.33491844726347764
1992-08-01,-0.12603401795568203,-0.5319004713655169
1992-09-01,-0.07444489497352791,-0.5853392566094087
1992-10-01,-0.31465457785833095,-0.2755679066953487
1992-11-01,-0.11438989089602458,-0.07100632491756664
1992-12-01,0.07037539586400143,-0.19774490442033738
1993-01-01,0.33928636576658633,0.09820217107771688
1993-02-01,0.484851705026788,0.35248721819741935
1993-03-01,0.5615463444679527,0.04559910668183087
1993-04-01,0.973817690933128,0.03752632143352119
1993-05-01,1.0412874681847342,0.12128843831812494
1993-06-01,0.6965102759224457,0.024675220364712258
1993-07-01,0.3695019914292246,0.16179195188058615
1993-08-01,0.18271482038800002,0.07656770183418682
1993-09-01,0.3300824944855769,0.2722683158908623
1993-10-01,0.38872285476558943,0.3522981904996154
1993-11-01,0.31210980075029937,0.1534238315354971
1993-12-01,0.22560372278443097,-0.11299102818263533
1994-01-01,0.11854532997409706,0.0914068586339639
1994-02-01,-0.09435977792662342,-0.16383084251269678
1994-03-01,0.022972759848908453,0.33595709694479603
1994-04-01,0.07548656744034687,0.608298776264199
1994-05-01,0.2307896164792389,0.8571141615732396
1994-06-01,0.32080218149880935,0.9338664078423118
1994-07-01,0.18856382754930223,1.0203439655416757
1994-08-01,0.5264630245254232,1.116265232882985
1994-09-01,0.45285020996658787,0.9078032239167833
1994-10-01,0.9164638421471807,1.0065773316876676
1994-11-01,1.15778933020486,0.3436598982651434
1994-12-01,1.2392711574970896,0.2553603973475967
1995-01-01,1.165750540881099,0.20859395285462135
1995-02-01,0.9285701818678156,0.16965880484602466
1995-03-01,0.5601989483771064,0.034794069048668996
1995-04-01,0.3033047181878281,-0.06610478120176577
1995-05-01,0.11061229750180246,-0.08607325365877097
1995-06-01,0.12712968924443047,0.04340272973676451
1995-07-01,0.08114806300266153,-0.036299993541254016
1995-08-01,-0.3576699724963106,-0.050492674815319605
1995-09-01,-0.5024278001041154,-0.06836384664704198
1995-10-01,-0.6950265208726272,-0.09813520313081803
1995-11-01,-0.7549819901916379,-0.18874873552994254
1995-12-01,-0.6878186889934348,0.24028584887038434
1996-01-01,-0.5669960356103552,0.08847737397142273
1996-02-01,-0.5900058427086279,0.11526739956030782
1996-03-01,-0.3820634361092914,0.03682924984849145
1996-04-01,-0.28371755883259553,-0.22817636921384488
1996-05-01,-0.3026893147369307,0.06141926772821568
1996-06-01,-0.06291235441045373,0.14685989488296403
1996-07-01,-0.08084889816475638,-0.25813907495745325
1996-08-01,-0.25833637088448924,-0.4331697489011461
1996-09-01,-0.2600780077909235,-0.33799325777689404
1996-10-01,-0.24131489928304006,-0.7006456041053344
1996-11-01,-0.27270322024059723,-0.4396274954514622
1996-12-01,-0.39928032458350415,-0.07459846788355533
1997-01-01,-0.3613189189097703,0.22697944218861188
1997-02-01,-0.17750833985207493,0.14353736046892793
1997-03-01,0.026293849243707257,0.19608691042049764
1997-04-01,0.3867589705777803,0.32054997496343407
1997-05-01,0.9815583864818649,0.21397203755376656
1997-06-01,1.2289012151615708,0.11544462785572196
1997-07-01,1.6828735606185141,0.7198538418078135
1997-08-01,2.003393236644733,0.675448485749176
1997-09-01,2.214191498022217,0.9430207743674224
1997-10-01,2.3714898346096867,0.8307261095270224
1997-11-01,2.5049662971742954,0.9532330714031142
1997-12-01,2.3965668459289944,0.47302991999093763
1998-01-01,2.540041952885929,0.36464161066516787
1998-02-01,2.1825740709324037,0.1088057330228179
1998-03-01,1.6070607186498798,-0.17475445909822063
1998-04-01,0.9818751900897347,0.07547484741368027
1998-05-01,0.8107792229157589,0.2064424100841402
1998-06-01,-0.3216278103982617,0.054148699762569974
1998-07-01,-0.6652399287352999,-0.45246862828278167
1998-08-01,-0.7820960160500405,-0.7119324055609184
1998-09-01,-0.7338807098832199,-0.5522710502817318
1998-10-01,-1.1388431940239983,-0.815504947439754
1998-11-01,-1.1764220112247443,-0.7103007369097666
1998-12-01,-1.4561818773770447,-0.33617115537072223
1999-01-01,-1.427373589886983,-0.42940673501904236
1999-02-01,-1.3199026740733153,-0.35405431734059956
1999-03-01,-0.8079289515754908,-0.11835264542073509
1999-04-01,-0.7473730515209596,-0.11477795546386471
1999-05-01,-0.7604903788759252,-0.08723256181750808
1999-06-01,-0.8841602218026345,-0.14388167679775177
1999-07-01,-0.7798890171205599,0.15164059074148484
1999-08-01,-0.944123521478339,0.21564993395006193
1999-09-01,-0.7647469330670127,0.13452632519227592
1999-10-01,-1.00398051665249,-0.09201037329432005
1999-11-01,-1.3798356535014236,0.09946743374909295
1999-12-01,-1.5017266269449827,0.03455498250021678
2000-01-01,-1.715442013182642,-0.046976940042479445
2000-02-01,-1.4582814301134448,-0.0063316500808471565
2000-03-01,-1.1527837520451918,-0.15095857648632083
2000-04-01,-0.7255938432172542,-0.13395135038575046
2000-05-01,-0.6813697445777436,0.10327286594339943
2000-06-01,-0.6953085435281956,0.14315729190227233
2000-07-01,-0.5106763162736989,0.06041364579382802
2000-08-01,-0.3242129154485873,0.004215580090954019
2000-09-01,-0.31342625184850803,-0.08615675968733072
2000-10-01,-0.5110357659549898,0.1535394148768905
2000-11-01,-0.7113481361172092,0.013756879219246287
2000-12-01,-0.8694238597883768,-0.025753224826467955
2001-01-01,-0.7867674330982446,-0.2637748114737547
2001-02-01,-0.5470695418462732,0.35048778818938164
2001-03-01,-0.37479204663487664,0.055344738200652666
2001-04-01,-0.23542818962763334,0.04906187265738626
2001-05-01,-0.19857403372155957,0.154720553283582
2001-06-01,-0.05829511958782163,0.18479734944935333
2001-07-01,0.05387111104150222,0.020439301283255995
2001-08-01,-0.05295384122556257,0.01728590391902496
2001-09-01,-0.23362798237692672,0.06844956222023058
2001-10-01,-0.24299630544626183,-0.07145492325498815
2001-11-01,-0.2642826660470625,-0.12448666768801908
2001-12-01,-0.4380096223044525,0.2109544507374737
2002-01-01,-0.07708706769933116,0.0692357017923627
2002-02-01,0.057497671058488464,-0.034259023704846486
2002-03-01,0.1937913496955126,0.0675941810925631
2002-04-01,0.18429933502716622,-0.025816200281028157
2002-05-01,0.3060682713906573,-0.11507554832673941
2002-06-01,0.7340054774032225,0.07001602395980089
2002-07-01,0.6181799410375,0.31908714793553217
2002-08-01,0.717813883085114,0.1886730274885664
2002-09-01,0.8828269441781273,0.46359686727008054
2002-10-01,1.1883511121720716,0.6614933049550178
2002-11-01,1.4420187488055731,0.238916420522982
2002-12-01,1.456859167289629,-0.0195680365597765
2003-01-01,1.051310025976079,0.12001540596488956
2003-02-01,0.6898237353094601,0.09325602249706408
2003-03-01,0.5584742119833592,0.10487177683222293
2003-04-01,0.007695194679627093,0.15770323765669392
2003-05-01,-0.4360830546599779,-0.025506503381165918
2003-06-01,-0.14832107509428738,0.3324854308706964
2003-07-01,0.19865253708481134,0.47791144055545076
2003-08-01,0.08378736917757124,0.4504102327546995
2003-09-01,0.22028229149771406,0.27886905873084444
2003-10-01,0.49114970240622213,0.12487588870775035
2003-11-01,0.42432287026130666,0.19875042946080035
2003-12-01,0.36378265401603826,0.32863403309193956
2004-01-01,0.3543702140089273,0.2031919838890176
2004-02-01,0.23561800757640583,0.24538271636729378
2004-03-01,-0.006942830090352459,0.1360682770091517
2004-04-01,0.11513729307727516,0.21410233630169262
2004-05-01,0.19255522139658865,-0.24107294761312995
2004-06-01,0.18530232764787158,0.20572682737905512
2004-07-01,0.4536272352361621,0.11064523253192449
2004-08-01,0.6876265780509456,0.23002085032851904
2004-09-01,0.7297721501477348,0.08698216100077616
2004-10-01,0.7559072599886569,0.39146418331555033
2004-11-01,0.643383015257136,0.17201017487122405
2004-12-01,0.7401580460496291,0.15352872341059381
2005-01-01,0.6266183712927997,0.07075308269560031
2005-02-01,0.3131564369919566,-0.27526814619919715
2005-03-01,0.35586085640246523,-0.04792289188226895
2005-04-01,0.33239344969171825,0.2005385957160718
2005-05-01,0.4018905265762527,0.08552152245444608
2005-06-01,0.2809268928673134,0.006122337904584496
2005-07-01,0.051423785736115946,-0.22809277528595628
2005-08-01,0.0003442119662793175,-0.02058647575152084
2005-09-01,-0.0039147404251131945,-0.2585150981631834
2005-10-01,-0.11407426421297728,-0.2553079588524323
2005-11-01,-0.4188513762566686,-0.24079024943461158
2005-12-01,-0.7300819785338568,-0.2520291957046629
2006-01-01,-0.9012787918009479,-0.23991710916552755
2006-02-01,-0.6319317567963765,-0.19623695668349042
2006-03-01,-0.6411002162356425,-0.08291845182871405
2006-04-01,-0.25003190951114007,0.10402317650678572
2006-05-01,-0.0026225166457294335,0.06125356038506899
2006-06-01,0.1448642009684349,0.2524923557655139
2006-07-01,0.08336063543253047,0.43986853134524595
2006-08-01,0.40331933788312213,0.7078341818033642
2006-09-01,0.7055880489450566,0.7620431425961272
2006-10-01,0.7939428693469459,0.9486124328693446
2006-11-01,1.0083745774131536,0.7158633987498876
2006-12-01,1.1393876465153099,0.15963385538916924
2007-01-01,0.6707950248280063,0.14437106638758912
2007-02-01,0.18151881754915777,0.016977151773618443
2007-03-01,-0.0685539631905101,0.15606922568286685
2007-04-01,-0.11282905306008573,0.18770845362774213
2007-05-01,-0.30067286907161517,0.26781899367935247
2007-06-01,-0.1133429529445742,0.14955398279823373
2007-07-01,-0.32562236869378225,0.21933782505228394
2007-08-01,-0.5573154477560642,0.3408687802437782
2007-09-01,-0.9762184819059279,0.39568430786084363
2007-10-01,-1.38287706793259,0.2265131428195648
2007-11-01,-1.557594113279194,0.2089981582870829
2007-12-01,-1.574835245949341,-0.06437257033405556
2008-01-01,-1.7069891619604611,0.22225401188242777
2008-02-01,-1.621395412810834,0.08977469777194189
2008-03-01,-1.0643649438785125,0.04522919559757477
2008-04-01,-0.822740253727062,-0.10108030628835973
2008-05-01,-0.5250420312445847,0.24587571559044027
2008-06-01,-0.37268901342303096,0.5137862240746098
2008-07-01,0.03272949860438601,0.5549286998802982
2008-08-01,0.01272581806317774,0.5425269585929875
2008-09-01,-0.18330627397120836,0.41473683855319265
2008-10-01,-0.2503978178374773,0.4189891346890402
2008-11-01,-0.32125314414076556,0.10117864605697469
2008-12-01,-0.8524429658585788,0.06946979775180269
2009-01-01,-0.9093926530105847,-0.0030304685492900246
2009-02-01,-0.6367688558184206,0.16347480237146614
2009-03-01,-0.635124600292869,0.03277541027147657
2009-04-01,-0.19499570313931258,0.2929850142086997
2009-05-01,0.2849887344277491,0.31137123369614295
2009-06-01,0.5546262166141247,0.05803929824318632
2009-07-01,0.7566805859867145,-0.01959785453163021
2009-08-01,0.6500270909158878,-0.03521689721861354
2009-09-01,0.7673689916987669,0.0632121089918023
2009-10-01,0.9834304937353764,0.44302573721745553
2009-11-01,1.523068286425243,0.2510633829717387
2009-12-01,1.8439220313445368,0.26168620561586536
2010-01-01,1.496396177248613,0.3256578728266789
2010-02-01,1.2360203242751773,-0.25078820587553874
2010-03-01,1.14830142014657,0.28042725023325255
2010-04-01,0.6043902999104986,0.4260246819251633
2010-05-01,-0.05002807300583001,0.2695098651743708
2010-06-01,-0.5658295702957865,-0.08059085497566909
2010-07-01,-0.837216570375606,-0.050495174999246606
2010-08-01,-1.2775844392263345,-0.16890564423656262
2010-09-01,-1.4756179729631427,-0.03984815101625472
2010-10-01,-1.6196850591069065,-0.20876786586345553
2010-11-01,-1.5431911618887852,-0.5751567556714624
2010-12-01,-1.5927183896219077,-0.3393153602314895
2011-01-01,-1.6148920847726203,-0.047745716397222485
2011-02-01,-1.1865866013402488,0.19465661583191193
2011-03-01,-0.8978604694638648,0.22245633231356643
2011-04-01,-0.6765146193883602,0.23308905004141056
2011-05-01,-0.41789595970944404,0.17286137737711746
2011-06-01,-0.18367831153089043,0.39186061480862366
2011-07-01,-0.15945963780553285,0.42091229361616045
2011-08-01,-0.608071451487266,0.468879220451069
2011-09-01,-0.678698680481375,0.513956512787626
2011-10-01,-0.8934586320987421,0.5705586228252084
2011-11-01,-1.0667891097314168,0.860715795721069
2011-12-01,-0.9991574550577944,0.10593458169738541
2012-01-01,-0.8374852051608457,0.18023303976205518
2012-02-01,-0.5281239785043716,0.14267341468887382
2012-03-01,-0.37610576994343603,0.07383898187982418
2012-04-01,-0.23045943233477928,-0.05173966995515056
2012-05-01,-0.0666235546101035,0.09393684577937497
2012-06-01,0.21172589252880059,0.5060123620553714
2012-07-01,0.5174617608054497,0.6034379052387477
2012-08-01,0.7113936710236501,0.8223714508673232
2012-09-01,0.5170545666279942,0.39107736438199225
2012-10-01,0.2583566847134833,0.31882111847562733
2012-11-01,0.35968090711534373,-0.05640465318185173
2012-12-01,-0.09971943342846501,0.3274522843809807
2013-01-01,-0.35524691847956547,-0.12023104753395865
2013-02-01,-0.3445200402117017,0.22865174354013193
2013-03-01,-0.039386827585122575,0.23218681073447223
2013-04-01,-0.017231829300992985,0.07435571018758214
2013-05-01,-0.1811374369989558,-0.16055558154751262
2013-06-01,-0.28683435096223775,-0.29815053004447845
2013-07-01,-0.2363300601819418,0.0543173500132339
2013-08-01,-0.2629998252121446,-0.03223457253395101
2013-09-01,-0.022595715221836343,-0.012114664858383861
2013-10-01,-0.20833214036668934,-0.19571972718841657
2013-11-01,0.00953505548407918,0.49706589149357205
2013-12-01,-0.04433998187567312,0.13158559854442103
2014-01-01,-0.3382686979182452,-0.0012166613007586063
2014-02-01,-0.38911218857733587,0.32689509254879756
2014-03-01,0.016364303424900584,0.17645824657337905
2014-04-01,0.334450921349859,0.10519367404664581
2014-05-01,0.5527832368472154,0.189294863409412
2014-06-01,0.5439031741329252,0.39244592052785054
2014-07-01,0.20037615594328884,-0.00386733883668966
2014-08-01,0.17903317536401175,0.11750857195956921
2014-09-01,0.44243248670657565,0.43071313173831527
2014-10-01,0.5242468951910908,0.7170575449447281
2014-11-01,0.9267216916321104,0.286497446267339
2014-12-01,0.8176937855256483,0.14338651590428825
2015-01-01,0.6646084381185737,0.20938795890029815
2015-02-01,0.6323161650509697,-0.08897133742424926
2015-03-01,0.5504377579409834,0.04769754770271484
2015-04-01,0.9522855560086718,0.13692488332634045
2015-05-01,1.1319259611453951,0.5309993813256286
2015-06-01,1.3396762618445024,0.7873489944527623
2015-07-01,1.6257120009581065,0.6242416135090585
2015-08-01,1.9199256230517356,0.9008218065132929
2015-09-01,2.1039408006084273,0.5818134452762571
2015-10-01,2.2721274390899637,0.893371929579148
2015-11-01,2.6224381450941685,0.5363658597600592
2015-12-01,2.616738362250839,0.482080175846106
2016-01-01,2.667667863999945,0.2297281523031821
2016-02-01,2.1837117614555446,-0.044156291514481
2016-03-01,1.6917385764871966,-0.06042178080074456
2016-04-01,1.0954344849409274,0.5277036956567825
2016-05-01,0.5422983912978943,0.05974482698911407
2016-06-01,0.11746593281018747,-0.17718231460012857
2016-07-01,-0.18999069810974945,-0.5148296686056832
2016-08-01,-0.44123804769220243,-0.4803170580046505
2016-09-01,-0.38124146692075556,-0.43967841939690544
2016-10-01,-0.7057097253036346,-0.49586069392614895
2016-11-01,-0.5940817063125792,-0.40216458719743053
2016-12-01,-0.4771630216445466,-0.3928413763550202
2017-01-01,-0.24494500356115623,-0.4181318961497552
2017-02-01,0.07070189033436947,-0.25283979645786825
2017-03-01,0.008354920892632123,0.22602306663307936
2017-04-01,0.2832637369659068,0.2100446132427506
2017-05-01,0.4070816478136905,0.5435100898152998
2017-06-01,0.2702675579636349,0.35791591064787087
2017-07-01,0.26764958052926957,0.47838355291586
2017-08-01,-0.16315823986094458,0.2210761317062413
2017-09-01,-0.4942649542452209,0.21453499315325075
2017-10-01,-0.5002467104244595,0.05991701565144858
2017-11-01,-0.8200815281705367,0.37036314745292265
2017-12-01,-0.8189167568866189,0.02404958541771636
2018-01-01,-0.7927389688540352,-0.3346289142447453
2018-02-01,-0.6754437331693168,0.14749455427060995
2018-03-01,-0.6500019743418335,0.08920140584688263
2018-04-01,-0.31265726525328574,-0.19129364822499195
2018-05-01,-0.021614400899995445,0.3451582893184162
2018-06-01,0.17848868343384083,0.21909029598000873
2018-07-01,0.32084986502584556,0.27362706607631027
2018-08-01,0.08119909646309864,0.3445715167272929
2018-09-01,0.3673139918125834,0.8481494423296319
2018-10-01,0.8684918554652867,0.5387820014894853
2018-11-01,1.0336341826392044,0.5198573138755821
2018-12-01,1.0111141999262188,0.28210794387408683
2019-01-01,0.5966835423003864,0.26929876312134915
2019-02-01,0.6832677493186203,0.5365930950579473
2019-03-01,0.8928696353544545,0.15610651952689758
2019-04-01,0.7255402930463966,0.324659932214974
2019-05-01,0.7112610466365261,0.3726684439246386
2019-06-01,0.7034008921157202,1.0510545614727131
2019-07-01,0.4485956947031724,1.2730186935572922
2019-08-01,0.22172501239857922,1.1990803271945125
2019-09-01,0.16554384636929598,1.0686518898940989
2019-10-01,0.5703001761894768,0.8927305564492958
2019-11-01,0.7636848336190134,0.6963456933523867
2019-12-01,0.541072877371267,0.19109131764353876
2020-01-01,0.7053140918929941,0.29638790115521807
2020-02-01,0.5338020383887816,0.06711983175973843
2020-03-01,0.4353830068825353,0.10674720773431212
2020-04-01,0.5443254372602269,0.17069474191800527
2020-05-01,-0.022354841082368182,0.23548014620627475
2020-06-01,-0.16797671986736518,0.5262008566658156
2020-07-01,0.01301339196920992,0.44782774750752297
2020-08-01,-0.389125210617685,0.44050201613639994
2020-09-01,-0.5907678364863855,0.37094654015843176
2020-10-01,-1.1599294077614317,0.30725558572274814
2020-11-01,-0.9973915291372109,0.4675436831074885
2020-12-01,-0.9298585351300375,0.10564331131700173
2021-01-01,-0.9428589268925549,-0.05207446849833909
2021-02-01,-0.8715745274512905,0.31256127484384255
2021-03-01,-0.6295419091215066,0.44153860917138155
2021-04-01,-0.49625034745409735,0.2717211104320788
2021-05-01,-0.31625471402771765,0.31978378781417427
2021-06-01,-0.0024526820221488776,0.24874229696382844
2021-07-01,-0.14307805440404664,-0.07944951585111482
2021-08-01,-0.3438501721454408,0.01620022352578654
2021-09-01,-0.423334374963801,0.23730729404170248
2021-10-01,-0.7491898723168511,0.21164394297002254
2021-11-01,-0.851528339124652,0.038765605955371485
2021-12-01,-1.0410681028508932,-0.0018049638580185795
2022-01-01,-0.7000314539821453,0.18607995788642817
2022-02-01,-0.6289576093911968,0.40269712747982045
2022-03-01,-0.7470135310929642,-0.030349394415814634
2022-04-01,-0.85519431267371,0.0034504140180685594
2022-05-01,-0.926418825559189,-0.039295126766201866
2022-06-01,-0.7167643869008984,-0.24499302434290482
2022-07-01,-0.49719790538231834,0.039658267178948714
2022-08-01,-0.9145869842142424,-0.1569106809565597
2022-09-01,-0.9742102895738007,-0.20796791485686583
2022-10-01,-0.9524755774764451,-0.3203333936297543
2022-11-01,-0.7250264049180757,-0.10271410878592968
2022-12-01,-0.8137937228897343,-0.1422708279523603
2023-01-01,-0.691655114118916,0.03178777828595335
2023-02-01,-0.5492404610708483,-0.028064838383714902
2023-03-01,-0.02661525373213891,0.24199294850795305
2023-04-01,0.30042879036869863,0.5076149242805846
2023-05-01,0.588817057692328,0.4434696865686727
2023-06-01,1.0152472659542617,0.5786848699690939
2023-07-01,1.2762670221380432,0.6909350922756607
2023-08-01,1.6159991711431516,0.808274541589715
2023-09-01,1.7431279053287732,0.8282281859154246
2023-10-01,1.6326514315828504,0.7397771741672106
2023-11-01,2.0562478335952505,0.557450479043967
